Type,Weekday,Date,Date and Time,Bus,Route,Run,Trip,Driver,Fareset,Direction,Value,Description,Amount,Longitude,Latitude,Stop,Latitude,Longitude,Accuracy Score,Accuracy Type,Number,Street,Unit Type,Unit Number,City,State,County,Zip,Country,Source
107 - Run change,Tuesday,9/3/2019,9/3/2019 9:06,151,15,826,0,337,1, ,900,Run,0,-79.87525177,39.54433823,0,39.544423,-79.875005,1,rooftop,2761,Kingwood,,,Morgantown,WV,Monongalia County,26508,US,Statewide
138 - GPS latitude/longitude,Tuesday,9/3/2019,9/3/2019 9:19,151,15,900,0,337,1, ,0,Not Used,0,-79.99298096,39.56843185,0,39.568248,-79.992581,1,rooftop,1399,Smithtown,,,Morgantown,WV,Monongalia County,26508,US,Statewide
119 - Got fare,Tuesday,9/3/2019,9/3/2019 9:19,151,15,900,0,337,1, ,0,Preset,0.75,-79.99298096,39.56843185,0,39.568248,-79.992581,1,rooftop,1399,Smithtown,,,Morgantown,WV,Monongalia County,26508,US,Statewide
116 - Stored value card,Tuesday,9/3/2019,9/3/2019 9:19,151,15,900,0,337,1, ,0,Preset,0,-79.99298096,39.56843185,0,39.568248,-79.992581,1,rooftop,1399,Smithtown,,,Morgantown,WV,Monongalia County,26508,US,Statewide
138 - GPS latitude/longitude,Tuesday,9/3/2019,9/3/2019 9:41,151,15,900,0,337,1, ,0,Not Used,0,-79.91539001,39.49805069,0,39.498018,-79.915296,1,rooftop,3585,Grafton,,,Morgantown,WV,Monongalia County,26508,US,Statewide
119 - Got fare,Tuesday,9/3/2019,9/3/2019 9:41,151,15,900,0,337,1, ,0,Preset,0.75,-79.91539001,39.49805069,0,39.498018,-79.915296,1,rooftop,3585,Grafton,,,Morgantown,WV,Monongalia County,26508,US,Statewide
106 - Route change,Tuesday,9/3/2019,9/3/2019 10:08,151,15,900,0,337,1, ,12,Route,0,-79.91539001,39.49805069,0,39.498018,-79.915296,1,rooftop,3585,Grafton,,,Morgantown,WV,Monongalia County,26508,US,Statewide
107 - Run change,Wednesday,9/4/2019,9/4/2019 9:21,151,15,800,0,308,1, ,900,Run,0,-79.96791077,39.63394165,0,39.633841,-79.96816,1,rooftop,175,Holland,,,Morgantown,WV,Monongalia County,26501,US,Statewide
138 - GPS latitude/longitude,Wednesday,9/4/2019,9/4/2019 9:21,151,15,900,0,308,1, ,0,Not Used,0,-79.97689819,39.6321106,0,39.631883,-79.976638,1,rooftop,691,Fairmont,,,Morgantown,WV,Monongalia County,26501,US,Statewide
129 - Special card,Wednesday,9/4/2019,9/4/2019 9:21,151,15,900,0,308,1, ,0,Not Used,0,-79.97689819,39.6321106,0,39.631883,-79.976638,1,rooftop,691,Fairmont,,,Morgantown,WV,Monongalia County,26501,US,Statewide
119 - Got fare,Wednesday,9/4/2019,9/4/2019 9:22,151,15,900,0,308,1, ,0,Preset,0.75,-79.97689819,39.6321106,0,39.631883,-79.976638,1,rooftop,691,Fairmont,,,Morgantown,WV,Monongalia County,26501,US,Statewide
129 - Special card,Wednesday,9/4/2019,9/4/2019 9:22,151,15,900,0,308,1, ,0,Not Used,0,-79.97689819,39.6321106,0,39.631883,-79.976638,1,rooftop,691,Fairmont,,,Morgantown,WV,Monongalia County,26501,US,Statewide
138 - GPS latitude/longitude,Wednesday,9/4/2019,9/4/2019 9:48,151,15,900,0,308,1, ,0,Not Used,0,-79.96804047,39.49306107,0,39.492896,-79.967985,1,rooftop,1862,Halleck,,,Morgantown,WV,Monongalia County,26508,US,Statewide
119 - Got fare,Wednesday,9/4/2019,9/4/2019 9:48,151,15,900,0,308,1, ,14,Key D,0,-79.96804047,39.49306107,0,39.492896,-79.967985,1,rooftop,1862,Halleck,,,Morgantown,WV,Monongalia County,26508,US,Statewide
138 - GPS latitude/longitude,Wednesday,9/4/2019,9/4/2019 10:06,151,15,900,0,308,1, ,0,Not Used,0,-79.95903778,39.57944107,0,39.578734,-79.959303,0.99,rooftop,75,Retail,,,Morgantown,WV,Monongalia County,26508,US,Statewide
129 - Special card,Wednesday,9/4/2019,9/4/2019 10:06,151,15,900,0,308,1, ,0,Not Used,0,-79.95903778,39.57944107,0,39.578734,-79.959303,0.99,rooftop,75,Retail,,,Morgantown,WV,Monongalia County,26508,US,Statewide
119 - Got fare,Wednesday,9/4/2019,9/4/2019 10:06,151,15,900,0,308,1, ,5,Key 5,0,-79.95903778,39.57944107,0,39.578734,-79.959303,0.99,rooftop,75,Retail,,,Morgantown,WV,Monongalia County,26508,US,Statewide
119 - Got fare,Wednesday,9/4/2019,9/4/2019 10:06,151,15,900,0,308,1, ,4,Key 4,0,-79.95903778,39.57944107,0,39.578734,-79.959303,0.99,rooftop,75,Retail,,,Morgantown,WV,Monongalia County,26508,US,Statewide
138 - GPS latitude/longitude,Wednesday,9/4/2019,9/4/2019 10:18,151,15,900,0,308,1, ,0,Not Used,0,-79.96949005,39.63455963,0,39.634577,-79.969253,1,rooftop,186,Holland,,,Morgantown,WV,Monongalia County,26501,US,Statewide
119 - Got fare,Wednesday,9/4/2019,9/4/2019 10:18,151,15,900,0,308,1, ,14,Key D,0,-79.96949005,39.63455963,0,39.634577,-79.969253,1,rooftop,186,Holland,,,Morgantown,WV,Monongalia County,26501,US,Statewide
119 - Got fare,Wednesday,9/4/2019,9/4/2019 10:18,151,15,900,0,308,1, ,14,Key D,0,-79.96949005,39.63455963,0,39.634577,-79.969253,1,rooftop,186,Holland,,,Morgantown,WV,Monongalia County,26501,US,Statewide
106 - Route change,Wednesday,9/4/2019,9/4/2019 10:19,151,15,900,0,308,1, ,12,Route,0,-79.96949005,39.63455963,0,39.634577,-79.969253,1,rooftop,186,Holland,,,Morgantown,WV,Monongalia County,26501,US,Statewide
107 - Run change,Thursday,9/5/2019,9/5/2019 9:21,157,15,843,0,164,1, ,900,Run,0,-79.9766922,39.6322403,0,39.631883,-79.976638,1,rooftop,691,Fairmont,,,Morgantown,WV,Monongalia County,26501,US,Statewide
119 - Got fare,Thursday,9/5/2019,9/5/2019 10:02,157,15,900,0,164,1, ,0,Preset,0.75,-79.9766922,39.6322403,0,39.631883,-79.976638,1,rooftop,691,Fairmont,,,Morgantown,WV,Monongalia County,26501,US,Statewide
119 - Got fare,Thursday,9/5/2019,9/5/2019 10:24,157,15,900,0,164,1, ,14,Key D,0,-79.9766922,39.6322403,0,39.631883,-79.976638,1,rooftop,691,Fairmont,,,Morgantown,WV,Monongalia County,26501,US,Statewide
106 - Route change,Thursday,9/5/2019,9/5/2019 10:25,157,15,900,0,164,1, ,12,Route,0,-79.9766922,39.6322403,0,39.631883,-79.976638,1,rooftop,691,Fairmont,,,Morgantown,WV,Monongalia County,26501,US,Statewide
107 - Run change,Friday,9/6/2019,9/6/2019 9:43,157,15,843,0,164,1, ,900,Run,0,-79.97689819,39.63212967,0,39.631883,-79.976638,1,rooftop,691,Fairmont,,,Morgantown,WV,Monongalia County,26501,US,Statewide
119 - Got fare,Friday,9/6/2019,9/6/2019 10:50,157,15,900,0,164,1, ,0,Preset,0.75,-79.97689819,39.63212967,0,39.631883,-79.976638,1,rooftop,691,Fairmont,,,Morgantown,WV,Monongalia County,26501,US,Statewide
119 - Got fare,Friday,9/6/2019,9/6/2019 10:50,157,15,900,0,164,1, ,13,Key C,0,-79.97689819,39.63212967,0,39.631883,-79.976638,1,rooftop,691,Fairmont,,,Morgantown,WV,Monongalia County,26501,US,Statewide
142 - Issue card,Friday,9/6/2019,9/6/2019 10:50,157,15,900,0,164,1, ,10351057,Sequence Number,0,-79.97689819,39.63212967,0,39.631883,-79.976638,1,rooftop,691,Fairmont,,,Morgantown,WV,Monongalia County,26501,US,Statewide
106 - Route change,Friday,9/6/2019,9/6/2019 11:00,157,15,900,0,164,1, ,306,Route,0,-79.97689819,39.63212967,0,39.631883,-79.976638,1,rooftop,691,Fairmont,,,Morgantown,WV,Monongalia County,26501,US,Statewide
107 - Run change,Saturday,9/7/2019,9/7/2019 8:58,180,15,824,0,545,1, ,900,Run,0,-79.9984436,39.62820816,0,39.62792,-79.998566,1,rooftop,9601,Mall,,,Morgantown,WV,Monongalia County,26501,US,Statewide
129 - Special card,Saturday,9/7/2019,9/7/2019 9:00,180,15,900,0,545,1, ,0,Not Used,0,-79.9984436,39.62820816,0,39.62792,-79.998566,1,rooftop,9601,Mall,,,Morgantown,WV,Monongalia County,26501,US,Statewide
106 - Route change,Saturday,9/7/2019,9/7/2019 9:26,180,15,900,0,545,1, ,150,Route,0,-79.9984436,39.62820816,0,39.62792,-79.998566,1,rooftop,9601,Mall,,,Morgantown,WV,Monongalia County,26501,US,Statewide
107 - Run change,Saturday,9/7/2019,9/7/2019 15:10,180,15,1424,0,545,1, ,1500,Run,0,-79.9984436,39.62820816,0,39.62792,-79.998566,1,rooftop,9601,Mall,,,Morgantown,WV,Monongalia County,26501,US,Statewide
119 - Got fare,Saturday,9/7/2019,9/7/2019 15:11,180,15,1500,0,545,1, ,14,Key D,0,-79.9984436,39.62820816,0,39.62792,-79.998566,1,rooftop,9601,Mall,,,Morgantown,WV,Monongalia County,26501,US,Statewide
106 - Route change,Saturday,9/7/2019,9/7/2019 15:42,180,15,1500,0,545,1, ,150,Route,0,-79.9984436,39.62820816,0,39.62792,-79.998566,1,rooftop,9601,Mall,,,Morgantown,WV,Monongalia County,26501,US,Statewide
107 - Run change,Monday,9/9/2019,9/9/2019 9:09,157,15,630,0,308,1, ,900,Run,0,-79.96636963,39.64891052,0,39.648626,-79.966179,1,rooftop,356,Evansdale,,,Morgantown,WV,Monongalia County,26506,US,Statewide
118 - Transfer received,Monday,9/9/2019,9/9/2019 9:19,157,15,900,0,308,1, ,64771,Sequence Number,0,-79.96636963,39.64891052,0,39.648626,-79.966179,1,rooftop,356,Evansdale,,,Morgantown,WV,Monongalia County,26506,US,Statewide
119 - Got fare,Monday,9/9/2019,9/9/2019 9:52,157,15,900,0,308,1, ,12,Key B,0,-79.96636963,39.64891052,0,39.648626,-79.966179,1,rooftop,356,Evansdale,,,Morgantown,WV,Monongalia County,26506,US,Statewide
119 - Got fare,Monday,9/9/2019,9/9/2019 9:53,157,15,900,0,308,1, ,4,Key 4,0,-79.96636963,39.64891052,0,39.648626,-79.966179,1,rooftop,356,Evansdale,,,Morgantown,WV,Monongalia County,26506,US,Statewide
119 - Got fare,Monday,9/9/2019,9/9/2019 9:53,157,15,900,0,308,1, ,0,Preset,0.75,-79.96636963,39.64891052,0,39.648626,-79.966179,1,rooftop,356,Evansdale,,,Morgantown,WV,Monongalia County,26506,US,Statewide
119 - Got fare,Monday,9/9/2019,9/9/2019 10:11,157,15,900,0,308,1, ,14,Key D,0,-79.96636963,39.64891052,0,39.648626,-79.966179,1,rooftop,356,Evansdale,,,Morgantown,WV,Monongalia County,26506,US,Statewide
115 - Period pass,Monday,9/9/2019,9/9/2019 10:14,157,15,900,0,308,1, ,15,TTP 1,0,-79.96636963,39.64891052,0,39.648626,-79.966179,1,rooftop,356,Evansdale,,,Morgantown,WV,Monongalia County,26506,US,Statewide
119 - Got fare,Monday,9/9/2019,9/9/2019 10:14,157,15,900,0,308,1, ,5,Key 5,0,-79.96636963,39.64891052,0,39.648626,-79.966179,1,rooftop,356,Evansdale,,,Morgantown,WV,Monongalia County,26506,US,Statewide
119 - Got fare,Monday,9/9/2019,9/9/2019 10:15,157,15,900,0,308,1, ,14,Key D,0,-79.96636963,39.64891052,0,39.648626,-79.966179,1,rooftop,356,Evansdale,,,Morgantown,WV,Monongalia County,26506,US,Statewide
106 - Route change,Monday,9/9/2019,9/9/2019 10:16,157,15,900,0,308,1, ,12,Route,0,-79.96636963,39.64891052,0,39.648626,-79.966179,1,rooftop,356,Evansdale,,,Morgantown,WV,Monongalia County,26506,US,Statewide
107 - Run change,Tuesday,9/10/2019,9/10/2019 9:24,157,15,826,0,337,1, ,900,Run,0,-79.96420288,39.64947891,0,39.649282,-79.964441,1,rooftop,2925,University,,,Morgantown,WV,Monongalia County,26505,US,Statewide
104 - Driver change,Tuesday,9/10/2019,9/10/2019 9:27,157,15,900,0,308,1, ,308,Driver,0,-79.96420288,39.64947891,0,39.649282,-79.964441,1,rooftop,2925,University,,,Morgantown,WV,Monongalia County,26505,US,Statewide
119 - Got fare,Tuesday,9/10/2019,9/10/2019 9:41,157,15,900,0,308,1, ,0,Preset,0.75,-79.96420288,39.64947891,0,39.649282,-79.964441,1,rooftop,2925,University,,,Morgantown,WV,Monongalia County,26505,US,Statewide
116 - Stored value card,Tuesday,9/10/2019,9/10/2019 9:41,157,15,900,0,308,1, ,0,Preset,0,-79.96420288,39.64947891,0,39.649282,-79.964441,1,rooftop,2925,University,,,Morgantown,WV,Monongalia County,26505,US,Statewide
106 - Route change,Tuesday,9/10/2019,9/10/2019 10:32,157,15,900,0,308,1, ,31,Route,0,-79.96420288,39.64947891,0,39.649282,-79.964441,1,rooftop,2925,University,,,Morgantown,WV,Monongalia County,26505,US,Statewide
107 - Run change,Wednesday,9/11/2019,9/11/2019 9:24,157,15,826,0,337,1, ,900,Run,0,-79.97686005,39.63216019,0,39.631883,-79.976638,1,rooftop,691,Fairmont,,,Morgantown,WV,Monongalia County,26501,US,Statewide
119 - Got fare,Wednesday,9/11/2019,9/11/2019 10:08,157,15,900,0,337,1, ,0,Preset,0.75,-79.97686005,39.63216019,0,39.631883,-79.976638,1,rooftop,691,Fairmont,,,Morgantown,WV,Monongalia County,26501,US,Statewide
104 - Driver change,Wednesday,9/11/2019,9/11/2019 10:23,157,15,900,0,308,1, ,308,Driver,0,-79.97686005,39.63216019,0,39.631883,-79.976638,1,rooftop,691,Fairmont,,,Morgantown,WV,Monongalia County,26501,US,Statewide
106 - Route change,Wednesday,9/11/2019,9/11/2019 10:23,157,15,900,0,308,1, ,12,Route,0,-79.97686005,39.63216019,0,39.631883,-79.976638,1,rooftop,691,Fairmont,,,Morgantown,WV,Monongalia County,26501,US,Statewide
107 - Run change,Thursday,9/12/2019,9/12/2019 9:19,157,15,800,0,164,1, ,900,Run,0,-79.98352051,39.63169098,0,39.631652,-79.9838,1,rooftop,874,Fairmont,,,Morgantown,WV,Monongalia County,26501,US,Statewide
119 - Got fare,Thursday,9/12/2019,9/12/2019 9:28,157,15,900,0,164,1, ,0,Preset,0.75,-79.98352051,39.63169098,0,39.631652,-79.9838,1,rooftop,874,Fairmont,,,Morgantown,WV,Monongalia County,26501,US,Statewide
119 - Got fare,Thursday,9/12/2019,9/12/2019 9:28,157,15,900,0,164,1, ,13,Key C,0,-79.98352051,39.63169098,0,39.631652,-79.9838,1,rooftop,874,Fairmont,,,Morgantown,WV,Monongalia County,26501,US,Statewide
119 - Got fare,Thursday,9/12/2019,9/12/2019 9:28,157,15,900,0,164,1, ,64,Dump,0.25,-79.98352051,39.63169098,0,39.631652,-79.9838,1,rooftop,874,Fairmont,,,Morgantown,WV,Monongalia County,26501,US,Statewide
119 - Got fare,Thursday,9/12/2019,9/12/2019 9:28,157,15,900,0,164,1, ,5,Key 5,0,-79.98352051,39.63169098,0,39.631652,-79.9838,1,rooftop,874,Fairmont,,,Morgantown,WV,Monongalia County,26501,US,Statewide
119 - Got fare,Thursday,9/12/2019,9/12/2019 9:40,157,15,900,0,164,1, ,14,Key D,0,-79.98352051,39.63169098,0,39.631652,-79.9838,1,rooftop,874,Fairmont,,,Morgantown,WV,Monongalia County,26501,US,Statewide
119 - Got fare,Thursday,9/12/2019,9/12/2019 9:40,157,15,900,0,164,1, ,14,Key D,0,-79.98352051,39.63169098,0,39.631652,-79.9838,1,rooftop,874,Fairmont,,,Morgantown,WV,Monongalia County,26501,US,Statewide
142 - Issue card,Thursday,9/12/2019,9/12/2019 9:58,157,15,900,0,164,1, ,10351090,Sequence Number,0,-79.98352051,39.63169098,0,39.631652,-79.9838,1,rooftop,874,Fairmont,,,Morgantown,WV,Monongalia County,26501,US,Statewide
107 - Run change,Friday,9/13/2019,9/13/2019 9:25,156,15,800,0,164,1, ,900,Run,0,-79.97689056,39.6321106,0,39.631883,-79.976638,1,rooftop,691,Fairmont,,,Morgantown,WV,Monongalia County,26501,US,Statewide
106 - Route change,Friday,9/13/2019,9/13/2019 10:34,156,15,900,0,164,1, ,12,Route,0,-79.97689056,39.6321106,0,39.631883,-79.976638,1,rooftop,691,Fairmont,,,Morgantown,WV,Monongalia County,26501,US,Statewide
154 - Driver login via GPS,Friday,9/13/2019,9/13/2019 11:05,157,15,900,0,0,1, ,0,Driver,0,-79.98352051,39.63169098,0,39.631652,-79.9838,1,rooftop,874,Fairmont,,,Morgantown,WV,Monongalia County,26501,US,Statewide
104 - Driver change,Friday,9/13/2019,9/13/2019 11:05,157,15,900,0,553,1, ,553,Driver,0,-79.98352051,39.63169098,0,39.631652,-79.9838,1,rooftop,874,Fairmont,,,Morgantown,WV,Monongalia County,26501,US,Statewide
106 - Route change,Friday,9/13/2019,9/13/2019 11:05,157,15,900,0,553,1, ,12,Route,0,-79.98352051,39.63169098,0,39.631652,-79.9838,1,rooftop,874,Fairmont,,,Morgantown,WV,Monongalia County,26501,US,Statewide
107 - Run change,Saturday,9/14/2019,9/14/2019 9:05,183,15,824,0,545,1, ,900,Run,0,-79.95722198,39.65127182,0,39.651005,-79.958471,0.99,rooftop,842,Country Clb,,,Morgantown,WV,Monongalia County,26505,US,Statewide
129 - Special card,Saturday,9/14/2019,9/14/2019 9:06,183,15,900,0,545,1, ,0,Not Used,0,-79.95722198,39.65127182,0,39.651005,-79.958471,0.99,rooftop,842,Country Clb,,,Morgantown,WV,Monongalia County,26505,US,Statewide
119 - Got fare,Saturday,9/14/2019,9/14/2019 9:33,183,15,900,0,545,1, ,14,Key D,0,-79.95722198,39.65127182,0,39.651005,-79.958471,0.99,rooftop,842,Country Clb,,,Morgantown,WV,Monongalia County,26505,US,Statewide
106 - Route change,Saturday,9/14/2019,9/14/2019 9:37,183,15,900,0,545,1, ,150,Route,0,-79.95722198,39.65127182,0,39.651005,-79.958471,0.99,rooftop,842,Country Clb,,,Morgantown,WV,Monongalia County,26505,US,Statewide
107 - Run change,Saturday,9/14/2019,9/14/2019 15:01,183,15,1424,0,545,1, ,1500,Run,0,-79.95722198,39.65127182,0,39.651005,-79.958471,0.99,rooftop,842,Country Clb,,,Morgantown,WV,Monongalia County,26505,US,Statewide
114 - Stored ride card,Saturday,9/14/2019,9/14/2019 15:13,183,15,1500,0,545,1, ,3,TTP 3,0,-79.95722198,39.65127182,0,39.651005,-79.958471,0.99,rooftop,842,Country Clb,,,Morgantown,WV,Monongalia County,26505,US,Statewide
119 - Got fare,Saturday,9/14/2019,9/14/2019 15:14,183,15,1500,0,545,1, ,32,TTP 18,0.5,-79.95722198,39.65127182,0,39.651005,-79.958471,0.99,rooftop,842,Country Clb,,,Morgantown,WV,Monongalia County,26505,US,Statewide
119 - Got fare,Saturday,9/14/2019,9/14/2019 15:22,183,15,1500,0,545,1, ,14,Key D,0,-79.95722198,39.65127182,0,39.651005,-79.958471,0.99,rooftop,842,Country Clb,,,Morgantown,WV,Monongalia County,26505,US,Statewide
106 - Route change,Saturday,9/14/2019,9/14/2019 15:38,183,15,1500,0,545,1, ,150,Route,0,-79.95722198,39.65127182,0,39.651005,-79.958471,0.99,rooftop,842,Country Clb,,,Morgantown,WV,Monongalia County,26505,US,Statewide
107 - Run change,Monday,9/16/2019,9/16/2019 9:31,156,15,824,0,523,1, ,900,Run,0,-79.95420837,39.62881851,0,39.628765,-79.954623,1,rooftop,276,Walnut,,,Morgantown,WV,Monongalia County,26505,US,Statewide
138 - GPS latitude/longitude,Monday,9/16/2019,9/16/2019 9:32,156,15,900,0,523,1, ,0,Not Used,0,-79.97693634,39.63222122,0,39.632359,-79.978128,0.99,rooftop,727,Fairmont,,,Morgantown,WV,Monongalia County,26501,US,Statewide
119 - Got fare,Monday,9/16/2019,9/16/2019 9:32,156,15,900,0,523,1, ,14,Key D,0,-79.97693634,39.63222122,0,39.632359,-79.978128,0.99,rooftop,727,Fairmont,,,Morgantown,WV,Monongalia County,26501,US,Statewide
119 - Got fare,Monday,9/16/2019,9/16/2019 9:32,156,15,900,0,523,1, ,14,Key D,0,-79.97693634,39.63222122,0,39.632359,-79.978128,0.99,rooftop,727,Fairmont,,,Morgantown,WV,Monongalia County,26501,US,Statewide
119 - Got fare,Monday,9/16/2019,9/16/2019 9:32,156,15,900,0,523,1, ,14,Key D,0,-79.97693634,39.63222122,0,39.632359,-79.978128,0.99,rooftop,727,Fairmont,,,Morgantown,WV,Monongalia County,26501,US,Statewide
129 - Special card,Monday,9/16/2019,9/16/2019 9:32,156,15,900,0,523,1, ,0,Not Used,0,-79.97693634,39.63222122,0,39.632359,-79.978128,0.99,rooftop,727,Fairmont,,,Morgantown,WV,Monongalia County,26501,US,Statewide
119 - Got fare,Monday,9/16/2019,9/16/2019 9:32,156,15,900,0,523,1, ,4,Key 4,0,-79.97693634,39.63222122,0,39.632359,-79.978128,0.99,rooftop,727,Fairmont,,,Morgantown,WV,Monongalia County,26501,US,Statewide
119 - Got fare,Monday,9/16/2019,9/16/2019 9:32,156,15,900,0,523,1, ,5,Key 5,0,-79.97693634,39.63222122,0,39.632359,-79.978128,0.99,rooftop,727,Fairmont,,,Morgantown,WV,Monongalia County,26501,US,Statewide
138 - GPS latitude/longitude,Monday,9/16/2019,9/16/2019 9:34,156,15,900,0,523,1, ,0,Not Used,0,-79.97689056,39.63217926,0,39.631883,-79.976638,1,rooftop,691,Fairmont,,,Morgantown,WV,Monongalia County,26501,US,Statewide
119 - Got fare,Monday,9/16/2019,9/16/2019 9:34,156,15,900,0,523,1, ,0,Preset,0.75,-79.97689056,39.63217926,0,39.631883,-79.976638,1,rooftop,691,Fairmont,,,Morgantown,WV,Monongalia County,26501,US,Statewide
138 - GPS latitude/longitude,Monday,9/16/2019,9/16/2019 9:37,156,15,900,0,523,1, ,0,Not Used,0,-79.9655838,39.6335907,0,39.633415,-79.965535,1,rooftop,143,Holland,,,Morgantown,WV,Monongalia County,26501,US,Statewide
119 - Got fare,Monday,9/16/2019,9/16/2019 9:37,156,15,900,0,523,1, ,0,Preset,0.75,-79.9655838,39.6335907,0,39.633415,-79.965535,1,rooftop,143,Holland,,,Morgantown,WV,Monongalia County,26501,US,Statewide
138 - GPS latitude/longitude,Monday,9/16/2019,9/16/2019 9:38,156,15,900,0,523,1, ,0,Not Used,0,-79.95883179,39.62990952,0,39.62961,-79.958985,1,rooftop,1125,University,,,Morgantown,WV,Monongalia County,26505,US,Statewide
119 - Got fare,Monday,9/16/2019,9/16/2019 9:38,156,15,900,0,523,1, ,14,Key D,0,-79.95883179,39.62990952,0,39.62961,-79.958985,1,rooftop,1125,University,,,Morgantown,WV,Monongalia County,26505,US,Statewide
138 - GPS latitude/longitude,Monday,9/16/2019,9/16/2019 10:02,156,15,900,0,523,1, ,0,Not Used,0,-79.9681015,39.49311066,0,39.492896,-79.967985,1,rooftop,1862,Halleck,,,Morgantown,WV,Monongalia County,26508,US,Statewide
119 - Got fare,Monday,9/16/2019,9/16/2019 10:02,156,15,900,0,523,1, ,14,Key D,0,-79.9681015,39.49311066,0,39.492896,-79.967985,1,rooftop,1862,Halleck,,,Morgantown,WV,Monongalia County,26508,US,Statewide
106 - Route change,Monday,9/16/2019,9/16/2019 10:08,156,15,900,0,523,1, ,150,Route,0,-79.9681015,39.49311066,0,39.492896,-79.967985,1,rooftop,1862,Halleck,,,Morgantown,WV,Monongalia County,26508,US,Statewide
107 - Run change,Tuesday,9/17/2019,9/17/2019 9:19,157,15,824,0,404,1, ,900,Run,0,-79.95796967,39.6302681,0,39.63038,-79.958174,1,rooftop,1279,University,,,Morgantown,WV,Monongalia County,26505,US,Statewide
129 - Special card,Tuesday,9/17/2019,9/17/2019 9:27,157,15,900,0,404,1, ,0,Not Used,0,-79.95796967,39.6302681,0,39.63038,-79.958174,1,rooftop,1279,University,,,Morgantown,WV,Monongalia County,26505,US,Statewide
119 - Got fare,Tuesday,9/17/2019,9/17/2019 9:27,157,15,900,0,404,1, ,4,Key 4,0,-79.95796967,39.6302681,0,39.63038,-79.958174,1,rooftop,1279,University,,,Morgantown,WV,Monongalia County,26505,US,Statewide
119 - Got fare,Tuesday,9/17/2019,9/17/2019 9:41,157,15,900,0,404,1, ,0,Preset,0.75,-79.95796967,39.6302681,0,39.63038,-79.958174,1,rooftop,1279,University,,,Morgantown,WV,Monongalia County,26505,US,Statewide
116 - Stored value card,Tuesday,9/17/2019,9/17/2019 9:41,157,15,900,0,404,1, ,0,Preset,0,-79.95796967,39.6302681,0,39.63038,-79.958174,1,rooftop,1279,University,,,Morgantown,WV,Monongalia County,26505,US,Statewide
119 - Got fare,Tuesday,9/17/2019,9/17/2019 9:50,157,15,900,0,404,1, ,0,Preset,0.75,-79.95796967,39.6302681,0,39.63038,-79.958174,1,rooftop,1279,University,,,Morgantown,WV,Monongalia County,26505,US,Statewide
119 - Got fare,Tuesday,9/17/2019,9/17/2019 9:50,157,15,900,0,404,1, ,13,Key C,0,-79.95796967,39.6302681,0,39.63038,-79.958174,1,rooftop,1279,University,,,Morgantown,WV,Monongalia County,26505,US,Statewide
142 - Issue card,Tuesday,9/17/2019,9/17/2019 9:50,157,15,900,0,404,1, ,10351312,Sequence Number,0,-79.95796967,39.6302681,0,39.63038,-79.958174,1,rooftop,1279,University,,,Morgantown,WV,Monongalia County,26505,US,Statewide
106 - Route change,Tuesday,9/17/2019,9/17/2019 9:52,157,15,900,0,404,1, ,150,Route,0,-79.95796967,39.6302681,0,39.63038,-79.958174,1,rooftop,1279,University,,,Morgantown,WV,Monongalia County,26505,US,Statewide
107 - Run change,Wednesday,9/18/2019,9/18/2019 9:24,156,15,824,0,523,1, ,900,Run,0,-79.95420837,39.62882996,0,39.628765,-79.954623,1,rooftop,276,Walnut,,,Morgantown,WV,Monongalia County,26505,US,Statewide
138 - GPS latitude/longitude,Wednesday,9/18/2019,9/18/2019 9:26,156,15,900,0,523,1, ,0,Not Used,0,-79.97689056,39.6321106,0,39.631883,-79.976638,1,rooftop,691,Fairmont,,,Morgantown,WV,Monongalia County,26501,US,Statewide
129 - Special card,Wednesday,9/18/2019,9/18/2019 9:26,156,15,900,0,523,1, ,0,Not Used,0,-79.97689056,39.6321106,0,39.631883,-79.976638,1,rooftop,691,Fairmont,,,Morgantown,WV,Monongalia County,26501,US,Statewide
119 - Got fare,Wednesday,9/18/2019,9/18/2019 9:26,156,15,900,0,523,1, ,4,Key 4,0,-79.97689056,39.6321106,0,39.631883,-79.976638,1,rooftop,691,Fairmont,,,Morgantown,WV,Monongalia County,26501,US,Statewide
119 - Got fare,Wednesday,9/18/2019,9/18/2019 9:26,156,15,900,0,523,1, ,5,Key 5,0,-79.97689056,39.6321106,0,39.631883,-79.976638,1,rooftop,691,Fairmont,,,Morgantown,WV,Monongalia County,26501,US,Statewide
138 - GPS latitude/longitude,Wednesday,9/18/2019,9/18/2019 9:54,156,15,900,0,523,1, ,0,Not Used,0,-79.96806335,39.49309158,0,39.492896,-79.967985,1,rooftop,1862,Halleck,,,Morgantown,WV,Monongalia County,26508,US,Statewide
119 - Got fare,Wednesday,9/18/2019,9/18/2019 9:54,156,15,900,0,523,1, ,14,Key D,0,-79.96806335,39.49309158,0,39.492896,-79.967985,1,rooftop,1862,Halleck,,,Morgantown,WV,Monongalia County,26508,US,Statewide
106 - Route change,Wednesday,9/18/2019,9/18/2019 9:59,156,15,900,0,523,1, ,150,Route,0,-79.96806335,39.49309158,0,39.492896,-79.967985,1,rooftop,1862,Halleck,,,Morgantown,WV,Monongalia County,26508,US,Statewide
107 - Run change,Thursday,9/19/2019,9/19/2019 9:17,157,15,843,0,164,1, ,900,Run,0,-79.97724152,39.6317215,0,39.631607,-79.97691,1,rooftop,420,Dupont,,,Morgantown,WV,Monongalia County,26501,US,Statewide
129 - Special card,Thursday,9/19/2019,9/19/2019 9:21,157,15,900,0,164,1, ,0,Not Used,0,-79.97724152,39.6317215,0,39.631607,-79.97691,1,rooftop,420,Dupont,,,Morgantown,WV,Monongalia County,26501,US,Statewide
119 - Got fare,Thursday,9/19/2019,9/19/2019 9:21,157,15,900,0,164,1, ,0,Preset,0.75,-79.97724152,39.6317215,0,39.631607,-79.97691,1,rooftop,420,Dupont,,,Morgantown,WV,Monongalia County,26501,US,Statewide
119 - Got fare,Thursday,9/19/2019,9/19/2019 9:21,157,15,900,0,164,1, ,13,Key C,0,-79.97724152,39.6317215,0,39.631607,-79.97691,1,rooftop,420,Dupont,,,Morgantown,WV,Monongalia County,26501,US,Statewide
142 - Issue card,Thursday,9/19/2019,9/19/2019 9:21,157,15,900,0,164,1, ,10351322,Sequence Number,0,-79.97724152,39.6317215,0,39.631607,-79.97691,1,rooftop,420,Dupont,,,Morgantown,WV,Monongalia County,26501,US,Statewide
119 - Got fare,Thursday,9/19/2019,9/19/2019 9:25,157,15,900,0,164,1, ,14,Key D,0,-79.97724152,39.6317215,0,39.631607,-79.97691,1,rooftop,420,Dupont,,,Morgantown,WV,Monongalia County,26501,US,Statewide
119 - Got fare,Thursday,9/19/2019,9/19/2019 9:46,157,15,900,0,164,1, ,14,Key D,0,-79.97724152,39.6317215,0,39.631607,-79.97691,1,rooftop,420,Dupont,,,Morgantown,WV,Monongalia County,26501,US,Statewide
129 - Special card,Thursday,9/19/2019,9/19/2019 10:06,157,15,900,0,164,1, ,0,Not Used,0,-79.97724152,39.6317215,0,39.631607,-79.97691,1,rooftop,420,Dupont,,,Morgantown,WV,Monongalia County,26501,US,Statewide
119 - Got fare,Thursday,9/19/2019,9/19/2019 10:06,157,15,900,0,164,1, ,5,Key 5,0,-79.97724152,39.6317215,0,39.631607,-79.97691,1,rooftop,420,Dupont,,,Morgantown,WV,Monongalia County,26501,US,Statewide
119 - Got fare,Thursday,9/19/2019,9/19/2019 10:06,157,15,900,0,164,1, ,4,Key 4,0,-79.97724152,39.6317215,0,39.631607,-79.97691,1,rooftop,420,Dupont,,,Morgantown,WV,Monongalia County,26501,US,Statewide
119 - Got fare,Thursday,9/19/2019,9/19/2019 10:19,157,15,900,0,164,1, ,14,Key D,0,-79.97724152,39.6317215,0,39.631607,-79.97691,1,rooftop,420,Dupont,,,Morgantown,WV,Monongalia County,26501,US,Statewide
106 - Route change,Thursday,9/19/2019,9/19/2019 10:19,157,15,900,0,164,1, ,12,Route,0,-79.97724152,39.6317215,0,39.631607,-79.97691,1,rooftop,420,Dupont,,,Morgantown,WV,Monongalia County,26501,US,Statewide
107 - Run change,Friday,9/20/2019,9/20/2019 9:27,157,15,843,0,164,1, ,900,Run,0,-79.96425629,39.6495018,0,39.649282,-79.964441,1,rooftop,2925,University,,,Morgantown,WV,Monongalia County,26505,US,Statewide
119 - Got fare,Friday,9/20/2019,9/20/2019 9:31,157,15,900,0,164,1, ,5,Key 5,0,-79.96425629,39.6495018,0,39.649282,-79.964441,1,rooftop,2925,University,,,Morgantown,WV,Monongalia County,26505,US,Statewide
119 - Got fare,Friday,9/20/2019,9/20/2019 9:31,157,15,900,0,164,1, ,4,Key 4,0,-79.96425629,39.6495018,0,39.649282,-79.964441,1,rooftop,2925,University,,,Morgantown,WV,Monongalia County,26505,US,Statewide
129 - Special card,Friday,9/20/2019,9/20/2019 9:32,157,15,900,0,164,1, ,0,Not Used,0,-79.96425629,39.6495018,0,39.649282,-79.964441,1,rooftop,2925,University,,,Morgantown,WV,Monongalia County,26505,US,Statewide
119 - Got fare,Friday,9/20/2019,9/20/2019 9:54,157,15,900,0,164,1, ,14,Key D,0,-79.96425629,39.6495018,0,39.649282,-79.964441,1,rooftop,2925,University,,,Morgantown,WV,Monongalia County,26505,US,Statewide
119 - Got fare,Friday,9/20/2019,9/20/2019 10:04,157,15,900,0,164,1, ,0,Preset,0.75,-79.96425629,39.6495018,0,39.649282,-79.964441,1,rooftop,2925,University,,,Morgantown,WV,Monongalia County,26505,US,Statewide
106 - Route change,Friday,9/20/2019,9/20/2019 10:24,157,15,900,0,164,1, ,12,Route,0,-79.96425629,39.6495018,0,39.649282,-79.964441,1,rooftop,2925,University,,,Morgantown,WV,Monongalia County,26505,US,Statewide
107 - Run change,Saturday,9/21/2019,9/21/2019 8:57,159,15,824,0,551,1, ,900,Run,0,-79.98256683,39.63230133,0,39.632108,-79.982369,1,rooftop,827,Fairmont,,,Morgantown,WV,Monongalia County,26501,US,Statewide
119 - Got fare,Saturday,9/21/2019,9/21/2019 8:58,159,15,900,0,551,1, ,14,Key D,0,-79.98256683,39.63230133,0,39.632108,-79.982369,1,rooftop,827,Fairmont,,,Morgantown,WV,Monongalia County,26501,US,Statewide
106 - Route change,Saturday,9/21/2019,9/21/2019 9:32,159,15,900,0,551,1, ,150,Route,0,-79.98256683,39.63230133,0,39.632108,-79.982369,1,rooftop,827,Fairmont,,,Morgantown,WV,Monongalia County,26501,US,Statewide
107 - Run change,Saturday,9/21/2019,9/21/2019 15:00,159,15,1424,0,551,1, ,1500,Run,0,-79.98256683,39.63230133,0,39.632108,-79.982369,1,rooftop,827,Fairmont,,,Morgantown,WV,Monongalia County,26501,US,Statewide
106 - Route change,Saturday,9/21/2019,9/21/2019 15:35,159,15,1500,0,551,1, ,150,Route,0,-79.98256683,39.63230133,0,39.632108,-79.982369,1,rooftop,827,Fairmont,,,Morgantown,WV,Monongalia County,26501,US,Statewide
107 - Run change,Monday,9/23/2019,9/23/2019 9:34,157,15,843,0,457,1, ,900,Run,0,-79.96939087,39.6344986,0,39.634577,-79.969253,1,rooftop,186,Holland,,,Morgantown,WV,Monongalia County,26501,US,Statewide
119 - Got fare,Monday,9/23/2019,9/23/2019 9:36,157,15,900,0,457,1, ,14,Key D,0,-79.96939087,39.6344986,0,39.634577,-79.969253,1,rooftop,186,Holland,,,Morgantown,WV,Monongalia County,26501,US,Statewide
119 - Got fare,Monday,9/23/2019,9/23/2019 9:36,157,15,900,0,457,1, ,14,Key D,0,-79.96939087,39.6344986,0,39.634577,-79.969253,1,rooftop,186,Holland,,,Morgantown,WV,Monongalia County,26501,US,Statewide
129 - Special card,Monday,9/23/2019,9/23/2019 9:37,157,15,900,0,457,1, ,0,Not Used,0,-79.96939087,39.6344986,0,39.634577,-79.969253,1,rooftop,186,Holland,,,Morgantown,WV,Monongalia County,26501,US,Statewide
119 - Got fare,Monday,9/23/2019,9/23/2019 10:03,157,15,900,0,457,1, ,14,Key D,0,-79.96939087,39.6344986,0,39.634577,-79.969253,1,rooftop,186,Holland,,,Morgantown,WV,Monongalia County,26501,US,Statewide
106 - Route change,Monday,9/23/2019,9/23/2019 10:03,157,15,900,0,457,1, ,150,Route,0,-79.96939087,39.6344986,0,39.634577,-79.969253,1,rooftop,186,Holland,,,Morgantown,WV,Monongalia County,26501,US,Statewide
107 - Run change,Tuesday,9/24/2019,9/24/2019 9:21,157,15,843,0,457,1, ,900,Run,0,-79.95799255,39.63031006,0,39.63038,-79.958174,1,rooftop,1279,University,,,Morgantown,WV,Monongalia County,26505,US,Statewide
119 - Got fare,Tuesday,9/24/2019,9/24/2019 9:22,157,15,900,0,457,1, ,14,Key D,0,-79.95799255,39.63031006,0,39.63038,-79.958174,1,rooftop,1279,University,,,Morgantown,WV,Monongalia County,26505,US,Statewide
119 - Got fare,Tuesday,9/24/2019,9/24/2019 9:22,157,15,900,0,457,1, ,14,Key D,0,-79.95799255,39.63031006,0,39.63038,-79.958174,1,rooftop,1279,University,,,Morgantown,WV,Monongalia County,26505,US,Statewide
129 - Special card,Tuesday,9/24/2019,9/24/2019 9:22,157,15,900,0,457,1, ,0,Not Used,0,-79.95799255,39.63031006,0,39.63038,-79.958174,1,rooftop,1279,University,,,Morgantown,WV,Monongalia County,26505,US,Statewide
119 - Got fare,Tuesday,9/24/2019,9/24/2019 9:22,157,15,900,0,457,1, ,4,Key 4,0,-79.95799255,39.63031006,0,39.63038,-79.958174,1,rooftop,1279,University,,,Morgantown,WV,Monongalia County,26505,US,Statewide
119 - Got fare,Tuesday,9/24/2019,9/24/2019 9:54,157,15,900,0,457,1, ,14,Key D,0,-79.95799255,39.63031006,0,39.63038,-79.958174,1,rooftop,1279,University,,,Morgantown,WV,Monongalia County,26505,US,Statewide
106 - Route change,Tuesday,9/24/2019,9/24/2019 10:00,157,15,900,0,457,1, ,150,Route,0,-79.95799255,39.63031006,0,39.63038,-79.958174,1,rooftop,1279,University,,,Morgantown,WV,Monongalia County,26505,US,Statewide
107 - Run change,Wednesday,9/25/2019,9/25/2019 9:13,155,15,827,0,337,1, ,900,Run,0,-79.95812225,39.63024139,0,39.63038,-79.958174,1,rooftop,1279,University,,,Morgantown,WV,Monongalia County,26505,US,Statewide
138 - GPS latitude/longitude,Wednesday,9/25/2019,9/25/2019 9:13,155,15,900,0,337,1, ,0,Not Used,0,-79.97692108,39.63211823,0,39.631883,-79.976638,1,rooftop,691,Fairmont,,,Morgantown,WV,Monongalia County,26501,US,Statewide
129 - Special card,Wednesday,9/25/2019,9/25/2019 9:13,155,15,900,0,337,1, ,0,Not Used,0,-79.97692108,39.63211823,0,39.631883,-79.976638,1,rooftop,691,Fairmont,,,Morgantown,WV,Monongalia County,26501,US,Statewide
138 - GPS latitude/longitude,Wednesday,9/25/2019,9/25/2019 9:26,155,15,900,0,337,1, ,0,Not Used,0,-79.99302673,39.56837845,0,39.568248,-79.992581,1,rooftop,1399,Smithtown,,,Morgantown,WV,Monongalia County,26508,US,Statewide
119 - Got fare,Wednesday,9/25/2019,9/25/2019 9:26,155,15,900,0,337,1, ,0,Preset,0.75,-79.99302673,39.56837845,0,39.568248,-79.992581,1,rooftop,1399,Smithtown,,,Morgantown,WV,Monongalia County,26508,US,Statewide
116 - Stored value card,Wednesday,9/25/2019,9/25/2019 9:26,155,15,900,0,337,1, ,0,Preset,0,-79.99302673,39.56837845,0,39.568248,-79.992581,1,rooftop,1399,Smithtown,,,Morgantown,WV,Monongalia County,26508,US,Statewide
106 - Route change,Wednesday,9/25/2019,9/25/2019 10:08,155,15,900,0,337,1, ,12,Route,0,-79.99302673,39.56837845,0,39.568248,-79.992581,1,rooftop,1399,Smithtown,,,Morgantown,WV,Monongalia County,26508,US,Statewide
107 - Run change,Thursday,9/26/2019,9/26/2019 9:08,183,15,824,0,523,1, ,900,Run,0,-79.96932983,39.6538887,0,39.653741,-79.969876,1,rooftop,3091,University,,,Morgantown,WV,Monongalia County,26505,US,Statewide
119 - Got fare,Thursday,9/26/2019,9/26/2019 9:09,183,15,900,0,523,1, ,14,Key D,0,-79.96932983,39.6538887,0,39.653741,-79.969876,1,rooftop,3091,University,,,Morgantown,WV,Monongalia County,26505,US,Statewide
119 - Got fare,Thursday,9/26/2019,9/26/2019 9:09,183,15,900,0,523,1, ,14,Key D,0,-79.96932983,39.6538887,0,39.653741,-79.969876,1,rooftop,3091,University,,,Morgantown,WV,Monongalia County,26505,US,Statewide
129 - Special card,Thursday,9/26/2019,9/26/2019 9:10,183,15,900,0,523,1, ,0,Not Used,0,-79.96932983,39.6538887,0,39.653741,-79.969876,1,rooftop,3091,University,,,Morgantown,WV,Monongalia County,26505,US,Statewide
119 - Got fare,Thursday,9/26/2019,9/26/2019 9:15,183,15,900,0,523,1, ,14,Key D,0,-79.96932983,39.6538887,0,39.653741,-79.969876,1,rooftop,3091,University,,,Morgantown,WV,Monongalia County,26505,US,Statewide
106 - Route change,Thursday,9/26/2019,9/26/2019 9:37,183,15,900,0,523,1, ,150,Route,0,-79.96932983,39.6538887,0,39.653741,-79.969876,1,rooftop,3091,University,,,Morgantown,WV,Monongalia County,26505,US,Statewide
107 - Run change,Friday,9/27/2019,9/27/2019 9:08,180,15,824,0,497,1, ,900,Run,0,-79.96946716,39.63454056,0,39.634577,-79.969253,1,rooftop,186,Holland,,,Morgantown,WV,Monongalia County,26501,US,Statewide
106 - Route change,Friday,9/27/2019,9/27/2019 9:33,180,15,900,0,497,1, ,150,Route,0,-79.96946716,39.63454056,0,39.634577,-79.969253,1,rooftop,186,Holland,,,Morgantown,WV,Monongalia County,26501,US,Statewide
107 - Run change,Saturday,9/28/2019,9/28/2019 8:58,192,15,824,0,489,1, ,900,Run,0,-79.96956635,39.63460922,0,39.63473,-79.969324,1,rooftop,188,Holland,,,Morgantown,WV,Monongalia County,26501,US,Statewide
106 - Route change,Saturday,9/28/2019,9/28/2019 10:04,192,15,900,0,489,1, ,50,Route,0,-79.96956635,39.63460922,0,39.63473,-79.969324,1,rooftop,188,Holland,,,Morgantown,WV,Monongalia County,26501,US,Statewide
107 - Run change,Monday,9/30/2019,9/30/2019 9:14,155,15,845,0,308,1, ,900,Run,0,-79.97129822,39.63349915,0,39.633428,-79.971035,1,rooftop,427,Fairmont,,,Morgantown,WV,Monongalia County,26501,US,Statewide
138 - GPS latitude/longitude,Monday,9/30/2019,9/30/2019 10:22,155,15,900,0,308,1, ,0,Not Used,0,-79.96723938,39.60548019,0,39.605185,-79.967677,1,rooftop,55,Don Knotts,,,Morgantown,WV,Monongalia County,26501,US,Statewide
129 - Special card,Monday,9/30/2019,9/30/2019 10:22,155,15,900,0,308,1, ,0,Not Used,0,-79.96723938,39.60548019,0,39.605185,-79.967677,1,rooftop,55,Don Knotts,,,Morgantown,WV,Monongalia County,26501,US,Statewide
138 - GPS latitude/longitude,Monday,9/30/2019,9/30/2019 10:25,155,15,900,0,308,1, ,0,Not Used,0,-79.95980835,39.62807846,0,39.628517,-79.959819,1,rooftop,1009,University,,,Morgantown,WV,Monongalia County,26505,US,Statewide
119 - Got fare,Monday,9/30/2019,9/30/2019 10:25,155,15,900,0,308,1, ,14,Key D,0,-79.95980835,39.62807846,0,39.628517,-79.959819,1,rooftop,1009,University,,,Morgantown,WV,Monongalia County,26505,US,Statewide
106 - Route change,Monday,9/30/2019,9/30/2019 10:29,155,15,900,0,308,1, ,31,Route,0,-79.95980835,39.62807846,0,39.628517,-79.959819,1,rooftop,1009,University,,,Morgantown,WV,Monongalia County,26505,US,Statewide
107 - Run change,Tuesday,10/1/2019,10/1/2019 9:22,157,15,843,0,164,1, ,900,Run,0,-79.96640015,39.64889908,0,39.648626,-79.966179,1,rooftop,356,Evansdale,,,Morgantown,WV,Monongalia County,26506,US,Statewide
119 - Got fare,Tuesday,10/1/2019,10/1/2019 10:01,157,15,900,0,164,1, ,0,Preset,0.75,-79.96640015,39.64889908,0,39.648626,-79.966179,1,rooftop,356,Evansdale,,,Morgantown,WV,Monongalia County,26506,US,Statewide
119 - Got fare,Tuesday,10/1/2019,10/1/2019 10:01,157,15,900,0,164,1, ,13,Key C,0,-79.96640015,39.64889908,0,39.648626,-79.966179,1,rooftop,356,Evansdale,,,Morgantown,WV,Monongalia County,26506,US,Statewide
142 - Issue card,Tuesday,10/1/2019,10/1/2019 10:01,157,15,900,0,164,1, ,10351386,Sequence Number,0,-79.96640015,39.64889908,0,39.648626,-79.966179,1,rooftop,356,Evansdale,,,Morgantown,WV,Monongalia County,26506,US,Statewide
119 - Got fare,Tuesday,10/1/2019,10/1/2019 10:18,157,15,900,0,164,1, ,14,Key D,0,-79.96640015,39.64889908,0,39.648626,-79.966179,1,rooftop,356,Evansdale,,,Morgantown,WV,Monongalia County,26506,US,Statewide
106 - Route change,Tuesday,10/1/2019,10/1/2019 10:25,157,15,900,0,164,1, ,12,Route,0,-79.96640015,39.64889908,0,39.648626,-79.966179,1,rooftop,356,Evansdale,,,Morgantown,WV,Monongalia County,26506,US,Statewide
107 - Run change,Wednesday,10/2/2019,10/2/2019 9:06,155,15,824,0,337,1, ,900,Run,0,-79.91993713,39.57772064,0,39.577747,-79.920168,1,rooftop,1106,Kingwood,,,Morgantown,WV,Monongalia County,26508,US,Statewide
138 - GPS latitude/longitude,Wednesday,10/2/2019,10/2/2019 9:21,155,15,900,0,337,1, ,0,Not Used,0,-79.99304199,39.56838989,0,39.568248,-79.992581,1,rooftop,1399,Smithtown,,,Morgantown,WV,Monongalia County,26508,US,Statewide
119 - Got fare,Wednesday,10/2/2019,10/2/2019 9:21,155,15,900,0,337,1, ,0,Preset,0.75,-79.99304199,39.56838989,0,39.568248,-79.992581,1,rooftop,1399,Smithtown,,,Morgantown,WV,Monongalia County,26508,US,Statewide
119 - Got fare,Wednesday,10/2/2019,10/2/2019 9:21,155,15,900,0,337,1, ,13,Key C,0,-79.99304199,39.56838989,0,39.568248,-79.992581,1,rooftop,1399,Smithtown,,,Morgantown,WV,Monongalia County,26508,US,Statewide
142 - Issue card,Wednesday,10/2/2019,10/2/2019 9:21,155,15,900,0,337,1, ,10159494,Sequence Number,0,-79.99304199,39.56838989,0,39.568248,-79.992581,1,rooftop,1399,Smithtown,,,Morgantown,WV,Monongalia County,26508,US,Statewide
106 - Route change,Wednesday,10/2/2019,10/2/2019 10:04,155,15,900,0,337,1, ,12,Route,0,-79.99304199,39.56838989,0,39.568248,-79.992581,1,rooftop,1399,Smithtown,,,Morgantown,WV,Monongalia County,26508,US,Statewide
107 - Run change,Thursday,10/3/2019,10/3/2019 9:27,157,15,843,0,164,1, ,900,Run,0,-79.96431732,39.64953995,0,39.649282,-79.964441,1,rooftop,2925,University,,,Morgantown,WV,Monongalia County,26505,US,Statewide
129 - Special card,Thursday,10/3/2019,10/3/2019 10:20,157,15,900,0,164,1, ,0,Not Used,0,-79.96431732,39.64953995,0,39.649282,-79.964441,1,rooftop,2925,University,,,Morgantown,WV,Monongalia County,26505,US,Statewide
119 - Got fare,Thursday,10/3/2019,10/3/2019 10:31,157,15,900,0,164,1, ,14,Key D,0,-79.96431732,39.64953995,0,39.649282,-79.964441,1,rooftop,2925,University,,,Morgantown,WV,Monongalia County,26505,US,Statewide
106 - Route change,Thursday,10/3/2019,10/3/2019 10:32,157,15,900,0,164,1, ,12,Route,0,-79.96431732,39.64953995,0,39.649282,-79.964441,1,rooftop,2925,University,,,Morgantown,WV,Monongalia County,26505,US,Statewide
107 - Run change,Friday,10/4/2019,10/4/2019 9:33,157,15,843,0,164,1, ,900,Run,0,-79.97688293,39.63209152,0,39.631883,-79.976638,1,rooftop,691,Fairmont,,,Morgantown,WV,Monongalia County,26501,US,Statewide
116 - Stored value card,Friday,10/4/2019,10/4/2019 9:33,157,15,900,0,164,1, ,0,Preset,0,-79.97688293,39.63209152,0,39.631883,-79.976638,1,rooftop,691,Fairmont,,,Morgantown,WV,Monongalia County,26501,US,Statewide
116 - Stored value card,Friday,10/4/2019,10/4/2019 9:33,157,15,900,0,164,1, ,0,Preset,0,-79.97688293,39.63209152,0,39.631883,-79.976638,1,rooftop,691,Fairmont,,,Morgantown,WV,Monongalia County,26501,US,Statewide
119 - Got fare,Friday,10/4/2019,10/4/2019 9:34,157,15,900,0,164,1, ,0,Preset,0.75,-79.97688293,39.63209152,0,39.631883,-79.976638,1,rooftop,691,Fairmont,,,Morgantown,WV,Monongalia County,26501,US,Statewide
119 - Got fare,Friday,10/4/2019,10/4/2019 9:34,157,15,900,0,164,1, ,13,Key C,0,-79.97688293,39.63209152,0,39.631883,-79.976638,1,rooftop,691,Fairmont,,,Morgantown,WV,Monongalia County,26501,US,Statewide
142 - Issue card,Friday,10/4/2019,10/4/2019 9:34,157,15,900,0,164,1, ,10351403,Sequence Number,0,-79.97688293,39.63209152,0,39.631883,-79.976638,1,rooftop,691,Fairmont,,,Morgantown,WV,Monongalia County,26501,US,Statewide
119 - Got fare,Friday,10/4/2019,10/4/2019 10:09,157,15,900,0,164,1, ,0,Preset,0.75,-79.97688293,39.63209152,0,39.631883,-79.976638,1,rooftop,691,Fairmont,,,Morgantown,WV,Monongalia County,26501,US,Statewide
119 - Got fare,Friday,10/4/2019,10/4/2019 10:15,157,15,900,0,164,1, ,14,Key D,0,-79.97688293,39.63209152,0,39.631883,-79.976638,1,rooftop,691,Fairmont,,,Morgantown,WV,Monongalia County,26501,US,Statewide
119 - Got fare,Friday,10/4/2019,10/4/2019 10:15,157,15,900,0,164,1, ,14,Key D,0,-79.97688293,39.63209152,0,39.631883,-79.976638,1,rooftop,691,Fairmont,,,Morgantown,WV,Monongalia County,26501,US,Statewide
106 - Route change,Friday,10/4/2019,10/4/2019 10:28,157,15,900,0,164,1, ,12,Route,0,-79.97688293,39.63209152,0,39.631883,-79.976638,1,rooftop,691,Fairmont,,,Morgantown,WV,Monongalia County,26501,US,Statewide
107 - Run change,Saturday,10/5/2019,10/5/2019 9:06,192,15,824,0,545,1, ,900,Run,0,-79.97667694,39.63225174,0,39.631883,-79.976638,1,rooftop,691,Fairmont,,,Morgantown,WV,Monongalia County,26501,US,Statewide
106 - Route change,Saturday,10/5/2019,10/5/2019 9:36,192,15,900,0,545,1, ,150,Route,0,-79.97667694,39.63225174,0,39.631883,-79.976638,1,rooftop,691,Fairmont,,,Morgantown,WV,Monongalia County,26501,US,Statewide
107 - Run change,Saturday,10/5/2019,10/5/2019 15:04,192,15,1424,0,545,1, ,1500,Run,0,-79.97667694,39.63225174,0,39.631883,-79.976638,1,rooftop,691,Fairmont,,,Morgantown,WV,Monongalia County,26501,US,Statewide
106 - Route change,Saturday,10/5/2019,10/5/2019 15:31,192,15,1500,0,545,1, ,150,Route,0,-79.97667694,39.63225174,0,39.631883,-79.976638,1,rooftop,691,Fairmont,,,Morgantown,WV,Monongalia County,26501,US,Statewide
107 - Run change,Monday,10/7/2019,10/7/2019 9:22,156,15,824,0,207,1, ,900,Run,0,-79.97692108,39.63214111,0,39.631883,-79.976638,1,rooftop,691,Fairmont,,,Morgantown,WV,Monongalia County,26501,US,Statewide
138 - GPS latitude/longitude,Monday,10/7/2019,10/7/2019 9:25,156,15,900,0,207,1, ,0,Not Used,0,-79.96779633,39.63389969,0,39.633695,-79.967732,1,rooftop,165,Holland,,,Morgantown,WV,Monongalia County,26501,US,Statewide
119 - Got fare,Monday,10/7/2019,10/7/2019 9:25,156,15,900,0,207,1, ,0,Preset,0.75,-79.96779633,39.63389969,0,39.633695,-79.967732,1,rooftop,165,Holland,,,Morgantown,WV,Monongalia County,26501,US,Statewide
138 - GPS latitude/longitude,Monday,10/7/2019,10/7/2019 9:26,156,15,900,0,207,1, ,0,Not Used,0,-79.95871735,39.62982178,0,39.62961,-79.958985,1,rooftop,1125,University,,,Morgantown,WV,Monongalia County,26505,US,Statewide
119 - Got fare,Monday,10/7/2019,10/7/2019 9:26,156,15,900,0,207,1, ,14,Key D,0,-79.95871735,39.62982178,0,39.62961,-79.958985,1,rooftop,1125,University,,,Morgantown,WV,Monongalia County,26505,US,Statewide
138 - GPS latitude/longitude,Monday,10/7/2019,10/7/2019 9:36,156,15,900,0,207,1, ,0,Not Used,0,-79.9930191,39.56840134,0,39.568248,-79.992581,1,rooftop,1399,Smithtown,,,Morgantown,WV,Monongalia County,26508,US,Statewide
119 - Got fare,Monday,10/7/2019,10/7/2019 9:36,156,15,900,0,207,1, ,0,Preset,0.75,-79.9930191,39.56840134,0,39.568248,-79.992581,1,rooftop,1399,Smithtown,,,Morgantown,WV,Monongalia County,26508,US,Statewide
116 - Stored value card,Monday,10/7/2019,10/7/2019 9:36,156,15,900,0,207,1, ,0,Preset,0,-79.9930191,39.56840134,0,39.568248,-79.992581,1,rooftop,1399,Smithtown,,,Morgantown,WV,Monongalia County,26508,US,Statewide
106 - Route change,Monday,10/7/2019,10/7/2019 9:56,156,15,900,0,207,1, ,150,Route,0,-79.9930191,39.56840134,0,39.568248,-79.992581,1,rooftop,1399,Smithtown,,,Morgantown,WV,Monongalia County,26508,US,Statewide
107 - Run change,Tuesday,10/8/2019,10/8/2019 9:00,155,15,824,0,404,1, ,900,Run,0,-79.93219757,39.61851883,0,39.618758,-79.932697,1,rooftop,1111,Greenbag,,,Morgantown,WV,Monongalia County,26508,US,Statewide
106 - Route change,Tuesday,10/8/2019,10/8/2019 9:23,155,15,900,0,404,1, ,150,Route,0,-79.93219757,39.61851883,0,39.618758,-79.932697,1,rooftop,1111,Greenbag,,,Morgantown,WV,Monongalia County,26508,US,Statewide
107 - Run change,Wednesday,10/9/2019,10/9/2019 9:21,183,15,824,0,265,1, ,900,Run,0,-79.98577881,39.64424133,0,39.644374,-79.985758,1,rooftop,802,Main,,,Granville,WV,Monongalia County,26534,US,Statewide
119 - Got fare,Wednesday,10/9/2019,10/9/2019 9:22,183,15,900,0,265,1, ,14,Key D,0,-79.98577881,39.64424133,0,39.644374,-79.985758,1,rooftop,802,Main,,,Granville,WV,Monongalia County,26534,US,Statewide
119 - Got fare,Wednesday,10/9/2019,10/9/2019 9:22,183,15,900,0,265,1, ,14,Key D,0,-79.98577881,39.64424133,0,39.644374,-79.985758,1,rooftop,802,Main,,,Granville,WV,Monongalia County,26534,US,Statewide
119 - Got fare,Wednesday,10/9/2019,10/9/2019 9:22,183,15,900,0,265,1, ,14,Key D,0,-79.98577881,39.64424133,0,39.644374,-79.985758,1,rooftop,802,Main,,,Granville,WV,Monongalia County,26534,US,Statewide
129 - Special card,Wednesday,10/9/2019,10/9/2019 9:22,183,15,900,0,265,1, ,0,Not Used,0,-79.98577881,39.64424133,0,39.644374,-79.985758,1,rooftop,802,Main,,,Granville,WV,Monongalia County,26534,US,Statewide
114 - Stored ride card,Wednesday,10/9/2019,10/9/2019 9:22,183,15,900,0,265,1, ,3,TTP 3,0,-79.98577881,39.64424133,0,39.644374,-79.985758,1,rooftop,802,Main,,,Granville,WV,Monongalia County,26534,US,Statewide
119 - Got fare,Wednesday,10/9/2019,10/9/2019 9:24,183,15,900,0,265,1, ,4,Key 4,0,-79.98577881,39.64424133,0,39.644374,-79.985758,1,rooftop,802,Main,,,Granville,WV,Monongalia County,26534,US,Statewide
119 - Got fare,Wednesday,10/9/2019,10/9/2019 9:24,183,15,900,0,265,1, ,5,Key 5,0,-79.98577881,39.64424133,0,39.644374,-79.985758,1,rooftop,802,Main,,,Granville,WV,Monongalia County,26534,US,Statewide
106 - Route change,Wednesday,10/9/2019,10/9/2019 9:55,183,15,900,0,265,1, ,150,Route,0,-79.98577881,39.64424133,0,39.644374,-79.985758,1,rooftop,802,Main,,,Granville,WV,Monongalia County,26534,US,Statewide
107 - Run change,Thursday,10/10/2019,10/10/2019 9:21,157,15,843,0,164,1, ,900,Run,0,-79.92279053,39.65644073,0,39.656233,-79.922755,1,rooftop,7404,Koehler,,,Morgantown,WV,Monongalia County,26508,US,Statewide
129 - Special card,Thursday,10/10/2019,10/10/2019 9:26,157,15,900,0,164,1, ,0,Not Used,0,-79.92279053,39.65644073,0,39.656233,-79.922755,1,rooftop,7404,Koehler,,,Morgantown,WV,Monongalia County,26508,US,Statewide
119 - Got fare,Thursday,10/10/2019,10/10/2019 9:28,157,15,900,0,164,1, ,14,Key D,0,-79.92279053,39.65644073,0,39.656233,-79.922755,1,rooftop,7404,Koehler,,,Morgantown,WV,Monongalia County,26508,US,Statewide
129 - Special card,Thursday,10/10/2019,10/10/2019 10:06,157,15,900,0,164,1, ,0,Not Used,0,-79.92279053,39.65644073,0,39.656233,-79.922755,1,rooftop,7404,Koehler,,,Morgantown,WV,Monongalia County,26508,US,Statewide
119 - Got fare,Thursday,10/10/2019,10/10/2019 10:06,157,15,900,0,164,1, ,5,Key 5,0,-79.92279053,39.65644073,0,39.656233,-79.922755,1,rooftop,7404,Koehler,,,Morgantown,WV,Monongalia County,26508,US,Statewide
119 - Got fare,Thursday,10/10/2019,10/10/2019 10:06,157,15,900,0,164,1, ,4,Key 4,0,-79.92279053,39.65644073,0,39.656233,-79.922755,1,rooftop,7404,Koehler,,,Morgantown,WV,Monongalia County,26508,US,Statewide
119 - Got fare,Thursday,10/10/2019,10/10/2019 10:11,157,15,900,0,164,1, ,14,Key D,0,-79.92279053,39.65644073,0,39.656233,-79.922755,1,rooftop,7404,Koehler,,,Morgantown,WV,Monongalia County,26508,US,Statewide
106 - Route change,Thursday,10/10/2019,10/10/2019 10:20,157,15,900,0,164,1, ,12,Route,0,-79.92279053,39.65644073,0,39.656233,-79.922755,1,rooftop,7404,Koehler,,,Morgantown,WV,Monongalia County,26508,US,Statewide
107 - Run change,Friday,10/11/2019,10/11/2019 9:05,155,15,843,0,164,1, ,900,Run,0,-79.97689819,39.63211823,0,39.631883,-79.976638,1,rooftop,691,Fairmont,,,Morgantown,WV,Monongalia County,26501,US,Statewide
138 - GPS latitude/longitude,Friday,10/11/2019,10/11/2019 9:09,155,15,900,0,164,1, ,0,Not Used,0,-79.97685242,39.63209915,0,39.631883,-79.976638,1,rooftop,691,Fairmont,,,Morgantown,WV,Monongalia County,26501,US,Statewide
115 - Period pass,Friday,10/11/2019,10/11/2019 9:09,155,15,900,0,164,1, ,15,TTP 1,0,-79.97685242,39.63209915,0,39.631883,-79.976638,1,rooftop,691,Fairmont,,,Morgantown,WV,Monongalia County,26501,US,Statewide
138 - GPS latitude/longitude,Friday,10/11/2019,10/11/2019 9:14,155,15,900,0,164,1, ,0,Not Used,0,-79.95955658,39.62849045,0,39.628558,-79.959784,1,rooftop,1009,University,,,Morgantown,WV,Monongalia County,26505,US,Statewide
119 - Got fare,Friday,10/11/2019,10/11/2019 9:14,155,15,900,0,164,1, ,14,Key D,0,-79.95955658,39.62849045,0,39.628558,-79.959784,1,rooftop,1009,University,,,Morgantown,WV,Monongalia County,26505,US,Statewide
138 - GPS latitude/longitude,Friday,10/11/2019,10/11/2019 9:47,155,15,900,0,164,1, ,0,Not Used,0,-79.9101181,39.51863861,0,39.518822,-79.9099,1,rooftop,2959,Grafton,,,Morgantown,WV,Monongalia County,26508,US,Statewide
119 - Got fare,Friday,10/11/2019,10/11/2019 9:47,155,15,900,0,164,1, ,0,Preset,0.75,-79.9101181,39.51863861,0,39.518822,-79.9099,1,rooftop,2959,Grafton,,,Morgantown,WV,Monongalia County,26508,US,Statewide
138 - GPS latitude/longitude,Friday,10/11/2019,10/11/2019 9:54,155,15,900,0,164,1, ,0,Not Used,0,-79.95909119,39.57946014,0,39.578734,-79.959303,0.99,rooftop,75,Retail,,,Morgantown,WV,Monongalia County,26508,US,Statewide
129 - Special card,Friday,10/11/2019,10/11/2019 9:54,155,15,900,0,164,1, ,0,Not Used,0,-79.95909119,39.57946014,0,39.578734,-79.959303,0.99,rooftop,75,Retail,,,Morgantown,WV,Monongalia County,26508,US,Statewide
119 - Got fare,Friday,10/11/2019,10/11/2019 9:54,155,15,900,0,164,1, ,11,Key A,0,-79.95909119,39.57946014,0,39.578734,-79.959303,0.99,rooftop,75,Retail,,,Morgantown,WV,Monongalia County,26508,US,Statewide
119 - Got fare,Friday,10/11/2019,10/11/2019 9:54,155,15,900,0,164,1, ,5,Key 5,0,-79.95909119,39.57946014,0,39.578734,-79.959303,0.99,rooftop,75,Retail,,,Morgantown,WV,Monongalia County,26508,US,Statewide
119 - Got fare,Friday,10/11/2019,10/11/2019 9:54,155,15,900,0,164,1, ,4,Key 4,0,-79.95909119,39.57946014,0,39.578734,-79.959303,0.99,rooftop,75,Retail,,,Morgantown,WV,Monongalia County,26508,US,Statewide
138 - GPS latitude/longitude,Friday,10/11/2019,10/11/2019 9:58,155,15,900,0,164,1, ,0,Not Used,0,-79.95437622,39.59407043,0,39.593831,-79.954874,1,rooftop,366,Grafton,,,Morgantown,WV,Monongalia County,26508,US,Statewide
119 - Got fare,Friday,10/11/2019,10/11/2019 9:58,155,15,900,0,164,1, ,14,Key D,0,-79.95437622,39.59407043,0,39.593831,-79.954874,1,rooftop,366,Grafton,,,Morgantown,WV,Monongalia County,26508,US,Statewide
138 - GPS latitude/longitude,Friday,10/11/2019,10/11/2019 10:06,155,15,900,0,164,1, ,0,Not Used,0,-79.96951294,39.63454819,0,39.634577,-79.969253,1,rooftop,186,Holland,,,Morgantown,WV,Monongalia County,26501,US,Statewide
119 - Got fare,Friday,10/11/2019,10/11/2019 10:06,155,15,900,0,164,1, ,14,Key D,0,-79.96951294,39.63454819,0,39.634577,-79.969253,1,rooftop,186,Holland,,,Morgantown,WV,Monongalia County,26501,US,Statewide
138 - GPS latitude/longitude,Friday,10/11/2019,10/11/2019 10:06,155,15,900,0,164,1, ,0,Not Used,0,-79.97054291,39.6346283,0,39.634737,-79.970948,1,rooftop,301,Holland,,,Morgantown,WV,Monongalia County,26501,US,Statewide
119 - Got fare,Friday,10/11/2019,10/11/2019 10:06,155,15,900,0,164,1, ,14,Key D,0,-79.97054291,39.6346283,0,39.634737,-79.970948,1,rooftop,301,Holland,,,Morgantown,WV,Monongalia County,26501,US,Statewide
119 - Got fare,Friday,10/11/2019,10/11/2019 10:06,155,15,900,0,164,1, ,14,Key D,0,-79.97054291,39.6346283,0,39.634737,-79.970948,1,rooftop,301,Holland,,,Morgantown,WV,Monongalia County,26501,US,Statewide
106 - Route change,Friday,10/11/2019,10/11/2019 10:07,155,15,900,0,164,1, ,12,Route,0,-79.97054291,39.6346283,0,39.634737,-79.970948,1,rooftop,301,Holland,,,Morgantown,WV,Monongalia County,26501,US,Statewide
107 - Run change,Saturday,10/12/2019,10/12/2019 9:00,158,15,824,0,545,1, ,900,Run,0,-79.93012238,39.62646866,0,39.626266,-79.929876,1,rooftop,1384,Greenbag,,,Morgantown,WV,Monongalia County,26505,US,Statewide
106 - Route change,Saturday,10/12/2019,10/12/2019 9:32,158,15,900,0,545,1, ,150,Route,0,-79.93012238,39.62646866,0,39.626266,-79.929876,1,rooftop,1384,Greenbag,,,Morgantown,WV,Monongalia County,26505,US,Statewide
107 - Run change,Saturday,10/12/2019,10/12/2019 15:01,158,15,1632,0,545,1, ,1500,Run,0,-79.95108032,39.62738037,0,39.62746,-79.951078,1,rooftop,441,Brockway,,,Morgantown,WV,Monongalia County,26501,US,Statewide
138 - GPS latitude/longitude,Saturday,10/12/2019,10/12/2019 15:07,158,15,1500,0,545,1, ,0,Not Used,0,-79.97692108,39.63209915,0,39.631883,-79.976638,1,rooftop,691,Fairmont,,,Morgantown,WV,Monongalia County,26501,US,Statewide
119 - Got fare,Saturday,10/12/2019,10/12/2019 15:07,158,15,1500,0,545,1, ,0,Preset,0.75,-79.97692108,39.63209915,0,39.631883,-79.976638,1,rooftop,691,Fairmont,,,Morgantown,WV,Monongalia County,26501,US,Statewide
119 - Got fare,Saturday,10/12/2019,10/12/2019 15:07,158,15,1500,0,545,1, ,13,Key C,0,-79.97692108,39.63209915,0,39.631883,-79.976638,1,rooftop,691,Fairmont,,,Morgantown,WV,Monongalia County,26501,US,Statewide
142 - Issue card,Saturday,10/12/2019,10/12/2019 15:07,158,15,1500,0,545,1, ,10412759,Sequence Number,0,-79.97692108,39.63209915,0,39.631883,-79.976638,1,rooftop,691,Fairmont,,,Morgantown,WV,Monongalia County,26501,US,Statewide
106 - Route change,Saturday,10/12/2019,10/12/2019 15:31,158,15,1500,0,545,1, ,150,Route,0,-79.97692108,39.63209915,0,39.631883,-79.976638,1,rooftop,691,Fairmont,,,Morgantown,WV,Monongalia County,26501,US,Statewide
107 - Run change,Monday,10/14/2019,10/14/2019 9:08,155,15,843,0,457,1, ,900,Run,0,-79.91993713,39.57770157,0,39.577747,-79.920168,1,rooftop,1106,Kingwood,,,Morgantown,WV,Monongalia County,26508,US,Statewide
138 - GPS latitude/longitude,Monday,10/14/2019,10/14/2019 9:09,155,15,900,0,457,1, ,0,Not Used,0,-79.97692871,39.63212967,0,39.631883,-79.976638,1,rooftop,691,Fairmont,,,Morgantown,WV,Monongalia County,26501,US,Statewide
119 - Got fare,Monday,10/14/2019,10/14/2019 9:09,155,15,900,0,457,1, ,14,Key D,0,-79.97692871,39.63212967,0,39.631883,-79.976638,1,rooftop,691,Fairmont,,,Morgantown,WV,Monongalia County,26501,US,Statewide
119 - Got fare,Monday,10/14/2019,10/14/2019 9:09,155,15,900,0,457,1, ,14,Key D,0,-79.97692871,39.63212967,0,39.631883,-79.976638,1,rooftop,691,Fairmont,,,Morgantown,WV,Monongalia County,26501,US,Statewide
114 - Stored ride card,Monday,10/14/2019,10/14/2019 9:09,155,15,900,0,457,1, ,3,TTP 3,0,-79.97692871,39.63212967,0,39.631883,-79.976638,1,rooftop,691,Fairmont,,,Morgantown,WV,Monongalia County,26501,US,Statewide
129 - Special card,Monday,10/14/2019,10/14/2019 9:09,155,15,900,0,457,1, ,0,Not Used,0,-79.97692871,39.63212967,0,39.631883,-79.976638,1,rooftop,691,Fairmont,,,Morgantown,WV,Monongalia County,26501,US,Statewide
119 - Got fare,Monday,10/14/2019,10/14/2019 9:09,155,15,900,0,457,1, ,14,Key D,0,-79.97692871,39.63212967,0,39.631883,-79.976638,1,rooftop,691,Fairmont,,,Morgantown,WV,Monongalia County,26501,US,Statewide
119 - Got fare,Monday,10/14/2019,10/14/2019 9:09,155,15,900,0,457,1, ,14,Key D,0,-79.97692871,39.63212967,0,39.631883,-79.976638,1,rooftop,691,Fairmont,,,Morgantown,WV,Monongalia County,26501,US,Statewide
119 - Got fare,Monday,10/14/2019,10/14/2019 9:09,155,15,900,0,457,1, ,4,Key 4,0,-79.97692871,39.63212967,0,39.631883,-79.976638,1,rooftop,691,Fairmont,,,Morgantown,WV,Monongalia County,26501,US,Statewide
119 - Got fare,Monday,10/14/2019,10/14/2019 9:09,155,15,900,0,457,1, ,4,Key 4,0,-79.97692871,39.63212967,0,39.631883,-79.976638,1,rooftop,691,Fairmont,,,Morgantown,WV,Monongalia County,26501,US,Statewide
119 - Got fare,Monday,10/14/2019,10/14/2019 9:09,155,15,900,0,457,1, ,5,Key 5,0,-79.97692871,39.63212967,0,39.631883,-79.976638,1,rooftop,691,Fairmont,,,Morgantown,WV,Monongalia County,26501,US,Statewide
138 - GPS latitude/longitude,Monday,10/14/2019,10/14/2019 9:21,155,15,900,0,457,1, ,0,Not Used,0,-79.99304962,39.56837082,0,39.568248,-79.992581,1,rooftop,1399,Smithtown,,,Morgantown,WV,Monongalia County,26508,US,Statewide
119 - Got fare,Monday,10/14/2019,10/14/2019 9:21,155,15,900,0,457,1, ,0,Preset,0.75,-79.99304962,39.56837082,0,39.568248,-79.992581,1,rooftop,1399,Smithtown,,,Morgantown,WV,Monongalia County,26508,US,Statewide
119 - Got fare,Monday,10/14/2019,10/14/2019 9:22,155,15,900,0,457,1, ,4,Key 4,0,-79.99304962,39.56837082,0,39.568248,-79.992581,1,rooftop,1399,Smithtown,,,Morgantown,WV,Monongalia County,26508,US,Statewide
119 - Got fare,Monday,10/14/2019,10/14/2019 9:22,155,15,900,0,457,1, ,5,Key 5,0,-79.99304962,39.56837082,0,39.568248,-79.992581,1,rooftop,1399,Smithtown,,,Morgantown,WV,Monongalia County,26508,US,Statewide
106 - Route change,Monday,10/14/2019,10/14/2019 9:42,155,15,900,0,457,1, ,150,Route,0,-79.99304962,39.56837082,0,39.568248,-79.992581,1,rooftop,1399,Smithtown,,,Morgantown,WV,Monongalia County,26508,US,Statewide
107 - Run change,Tuesday,10/15/2019,10/15/2019 9:15,155,15,824,0,473,1, ,900,Run,0,-79.95424652,39.62886047,0,39.628765,-79.954623,1,rooftop,276,Walnut,,,Morgantown,WV,Monongalia County,26505,US,Statewide
138 - GPS latitude/longitude,Tuesday,10/15/2019,10/15/2019 9:15,155,15,900,0,473,1, ,0,Not Used,0,-79.97692108,39.63211823,0,39.631883,-79.976638,1,rooftop,691,Fairmont,,,Morgantown,WV,Monongalia County,26501,US,Statewide
119 - Got fare,Tuesday,10/15/2019,10/15/2019 9:15,155,15,900,0,473,1, ,14,Key D,0,-79.97692108,39.63211823,0,39.631883,-79.976638,1,rooftop,691,Fairmont,,,Morgantown,WV,Monongalia County,26501,US,Statewide
119 - Got fare,Tuesday,10/15/2019,10/15/2019 9:15,155,15,900,0,473,1, ,14,Key D,0,-79.97692108,39.63211823,0,39.631883,-79.976638,1,rooftop,691,Fairmont,,,Morgantown,WV,Monongalia County,26501,US,Statewide
119 - Got fare,Tuesday,10/15/2019,10/15/2019 9:15,155,15,900,0,473,1, ,14,Key D,0,-79.97692108,39.63211823,0,39.631883,-79.976638,1,rooftop,691,Fairmont,,,Morgantown,WV,Monongalia County,26501,US,Statewide
119 - Got fare,Tuesday,10/15/2019,10/15/2019 9:15,155,15,900,0,473,1, ,14,Key D,0,-79.97692108,39.63211823,0,39.631883,-79.976638,1,rooftop,691,Fairmont,,,Morgantown,WV,Monongalia County,26501,US,Statewide
129 - Special card,Tuesday,10/15/2019,10/15/2019 9:16,155,15,900,0,473,1, ,0,Not Used,0,-79.97692108,39.63211823,0,39.631883,-79.976638,1,rooftop,691,Fairmont,,,Morgantown,WV,Monongalia County,26501,US,Statewide
119 - Got fare,Tuesday,10/15/2019,10/15/2019 9:16,155,15,900,0,473,1, ,4,Key 4,0,-79.97692108,39.63211823,0,39.631883,-79.976638,1,rooftop,691,Fairmont,,,Morgantown,WV,Monongalia County,26501,US,Statewide
119 - Got fare,Tuesday,10/15/2019,10/15/2019 9:16,155,15,900,0,473,1, ,5,Key 5,0,-79.97692108,39.63211823,0,39.631883,-79.976638,1,rooftop,691,Fairmont,,,Morgantown,WV,Monongalia County,26501,US,Statewide
106 - Route change,Tuesday,10/15/2019,10/15/2019 10:05,155,15,900,0,473,1, ,150,Route,0,-79.97692108,39.63211823,0,39.631883,-79.976638,1,rooftop,691,Fairmont,,,Morgantown,WV,Monongalia County,26501,US,Statewide
107 - Run change,Wednesday,10/16/2019,10/16/2019 7:32,158,15,0,0,572,1, ,715,Run,0,-79.95915222,39.66986084,0,39.670034,-79.959072,1,rooftop,118,Glen Abbey,,,Morgantown,WV,Monongalia County,26508,US,Statewide
112 - Ready for revenue,Wednesday,10/16/2019,10/16/2019 7:32,158,15,715,0,572,1, ,0,Not Used,0,-79.95915222,39.66986084,0,39.670034,-79.959072,1,rooftop,118,Glen Abbey,,,Morgantown,WV,Monongalia County,26508,US,Statewide
138 - GPS latitude/longitude,Wednesday,10/16/2019,10/16/2019 7:32,158,15,715,0,572,1, ,0,Not Used,0,-79.97705841,39.63222885,0,39.632359,-79.978128,0.99,rooftop,727,Fairmont,,,Morgantown,WV,Monongalia County,26501,US,Statewide
129 - Special card,Wednesday,10/16/2019,10/16/2019 7:32,158,15,715,0,572,1, ,0,Not Used,0,-79.97705841,39.63222885,0,39.632359,-79.978128,0.99,rooftop,727,Fairmont,,,Morgantown,WV,Monongalia County,26501,US,Statewide
129 - Special card,Wednesday,10/16/2019,10/16/2019 7:32,158,15,715,0,572,1, ,0,Not Used,0,-79.97705841,39.63222885,0,39.632359,-79.978128,0.99,rooftop,727,Fairmont,,,Morgantown,WV,Monongalia County,26501,US,Statewide
106 - Route change,Wednesday,10/16/2019,10/16/2019 7:34,158,15,715,0,572,1, ,16,Route,0,-79.97705841,39.63222885,0,39.632359,-79.978128,0.99,rooftop,727,Fairmont,,,Morgantown,WV,Monongalia County,26501,US,Statewide
107 - Run change,Wednesday,10/16/2019,10/16/2019 9:07,155,15,843,0,164,1, ,900,Run,0,-79.97692108,39.6321106,0,39.631883,-79.976638,1,rooftop,691,Fairmont,,,Morgantown,WV,Monongalia County,26501,US,Statewide
106 - Route change,Wednesday,10/16/2019,10/16/2019 10:10,155,15,900,0,164,1, ,12,Route,0,-79.97692108,39.6321106,0,39.631883,-79.976638,1,rooftop,691,Fairmont,,,Morgantown,WV,Monongalia County,26501,US,Statewide
107 - Run change,Thursday,10/17/2019,10/17/2019 9:01,155,15,843,0,164,1, ,900,Run,0,-79.97692871,39.63211823,0,39.631883,-79.976638,1,rooftop,691,Fairmont,,,Morgantown,WV,Monongalia County,26501,US,Statewide
106 - Route change,Thursday,10/17/2019,10/17/2019 10:00,155,15,900,0,164,1, ,12,Route,0,-79.97692871,39.63211823,0,39.631883,-79.976638,1,rooftop,691,Fairmont,,,Morgantown,WV,Monongalia County,26501,US,Statewide
107 - Run change,Friday,10/18/2019,10/18/2019 9:05,155,15,843,0,164,1, ,900,Run,0,-79.97692871,39.63209915,0,39.631883,-79.976638,1,rooftop,691,Fairmont,,,Morgantown,WV,Monongalia County,26501,US,Statewide
138 - GPS latitude/longitude,Friday,10/18/2019,10/18/2019 9:26,155,15,900,0,164,1, ,0,Not Used,0,-80.01740265,39.51699829,0,39.516639,-80.017534,1,rooftop,128,Halleck,,,Fairmont,WV,Monongalia County,26554,US,Statewide
119 - Got fare,Friday,10/18/2019,10/18/2019 9:26,155,15,900,0,164,1, ,0,Preset,0.75,-80.01740265,39.51699829,0,39.516639,-80.017534,1,rooftop,128,Halleck,,,Fairmont,WV,Monongalia County,26554,US,Statewide
106 - Route change,Friday,10/18/2019,10/18/2019 10:03,155,15,900,0,164,1, ,12,Route,0,-80.01740265,39.51699829,0,39.516639,-80.017534,1,rooftop,128,Halleck,,,Fairmont,WV,Monongalia County,26554,US,Statewide
107 - Run change,Saturday,10/19/2019,10/19/2019 9:06,197,15,824,0,545,1, ,900,Run,0,-79.96338654,39.6243782,0,39.624643,-79.963643,1,rooftop,1,Waterfront,,,Morgantown,WV,Monongalia County,26501,US,Statewide
129 - Special card,Saturday,10/19/2019,10/19/2019 9:10,197,15,900,0,545,1, ,0,Not Used,0,-79.96338654,39.6243782,0,39.624643,-79.963643,1,rooftop,1,Waterfront,,,Morgantown,WV,Monongalia County,26501,US,Statewide
106 - Route change,Saturday,10/19/2019,10/19/2019 9:42,197,15,900,0,545,1, ,150,Route,0,-79.96338654,39.6243782,0,39.624643,-79.963643,1,rooftop,1,Waterfront,,,Morgantown,WV,Monongalia County,26501,US,Statewide
107 - Run change,Saturday,10/19/2019,10/19/2019 14:56,197,15,1424,0,545,1, ,1500,Run,0,-79.96338654,39.6243782,0,39.624643,-79.963643,1,rooftop,1,Waterfront,,,Morgantown,WV,Monongalia County,26501,US,Statewide
114 - Stored ride card,Saturday,10/19/2019,10/19/2019 15:14,197,15,1500,0,545,1, ,3,TTP 3,0,-79.96338654,39.6243782,0,39.624643,-79.963643,1,rooftop,1,Waterfront,,,Morgantown,WV,Monongalia County,26501,US,Statewide
119 - Got fare,Saturday,10/19/2019,10/19/2019 15:15,197,15,1500,0,545,1, ,32,TTP 18,0.5,-79.96338654,39.6243782,0,39.624643,-79.963643,1,rooftop,1,Waterfront,,,Morgantown,WV,Monongalia County,26501,US,Statewide
119 - Got fare,Saturday,10/19/2019,10/19/2019 15:24,197,15,1500,0,545,1, ,14,Key D,0,-79.96338654,39.6243782,0,39.624643,-79.963643,1,rooftop,1,Waterfront,,,Morgantown,WV,Monongalia County,26501,US,Statewide
106 - Route change,Saturday,10/19/2019,10/19/2019 15:36,197,15,1500,0,545,1, ,150,Route,0,-79.96338654,39.6243782,0,39.624643,-79.963643,1,rooftop,1,Waterfront,,,Morgantown,WV,Monongalia County,26501,US,Statewide
107 - Run change,Monday,10/21/2019,10/21/2019 9:06,155,15,843,0,393,1, ,900,Run,0,-79.95802307,39.63029099,0,39.63038,-79.958174,1,rooftop,1279,University,,,Morgantown,WV,Monongalia County,26505,US,Statewide
138 - GPS latitude/longitude,Monday,10/21/2019,10/21/2019 9:22,155,15,900,0,393,1, ,0,Not Used,0,-79.99304962,39.56835938,0,39.568248,-79.992581,1,rooftop,1399,Smithtown,,,Morgantown,WV,Monongalia County,26508,US,Statewide
119 - Got fare,Monday,10/21/2019,10/21/2019 9:22,155,15,900,0,393,1, ,0,Preset,0.75,-79.99304962,39.56835938,0,39.568248,-79.992581,1,rooftop,1399,Smithtown,,,Morgantown,WV,Monongalia County,26508,US,Statewide
116 - Stored value card,Monday,10/21/2019,10/21/2019 9:22,155,15,900,0,393,1, ,0,Preset,0,-79.99304962,39.56835938,0,39.568248,-79.992581,1,rooftop,1399,Smithtown,,,Morgantown,WV,Monongalia County,26508,US,Statewide
138 - GPS latitude/longitude,Monday,10/21/2019,10/21/2019 9:23,155,15,900,0,393,1, ,0,Not Used,0,-79.99305725,39.56829834,0,39.568248,-79.992581,1,rooftop,1399,Smithtown,,,Morgantown,WV,Monongalia County,26508,US,Statewide
119 - Got fare,Monday,10/21/2019,10/21/2019 9:23,155,15,900,0,393,1, ,4,Key 4,0,-79.99305725,39.56829834,0,39.568248,-79.992581,1,rooftop,1399,Smithtown,,,Morgantown,WV,Monongalia County,26508,US,Statewide
119 - Got fare,Monday,10/21/2019,10/21/2019 9:23,155,15,900,0,393,1, ,5,Key 5,0,-79.99305725,39.56829834,0,39.568248,-79.992581,1,rooftop,1399,Smithtown,,,Morgantown,WV,Monongalia County,26508,US,Statewide
106 - Route change,Monday,10/21/2019,10/21/2019 9:37,155,15,900,0,393,1, ,150,Route,0,-79.99305725,39.56829834,0,39.568248,-79.992581,1,rooftop,1399,Smithtown,,,Morgantown,WV,Monongalia County,26508,US,Statewide
107 - Run change,Tuesday,10/22/2019,10/22/2019 9:02,155,15,843,0,405,1, ,900,Run,0,-79.97044373,39.63465881,0,39.634737,-79.970948,1,rooftop,301,Holland,,,Morgantown,WV,Monongalia County,26501,US,Statewide
106 - Route change,Tuesday,10/22/2019,10/22/2019 9:41,155,15,900,0,405,1, ,150,Route,0,-79.97044373,39.63465881,0,39.634737,-79.970948,1,rooftop,301,Holland,,,Morgantown,WV,Monongalia County,26501,US,Statewide
107 - Run change,Wednesday,10/23/2019,10/23/2019 9:18,157,15,843,0,164,1, ,900,Run,0,-79.97664642,39.63227844,0,39.631883,-79.976638,1,rooftop,691,Fairmont,,,Morgantown,WV,Monongalia County,26501,US,Statewide
106 - Route change,Wednesday,10/23/2019,10/23/2019 10:20,157,15,900,0,164,1, ,12,Route,0,-79.97664642,39.63227844,0,39.631883,-79.976638,1,rooftop,691,Fairmont,,,Morgantown,WV,Monongalia County,26501,US,Statewide
107 - Run change,Thursday,10/24/2019,10/24/2019 9:05,155,15,843,0,164,1, ,900,Run,0,-79.9769516,39.63212967,0,39.631883,-79.976638,1,rooftop,691,Fairmont,,,Morgantown,WV,Monongalia County,26501,US,Statewide
138 - GPS latitude/longitude,Thursday,10/24/2019,10/24/2019 9:05,155,15,900,0,164,1, ,0,Not Used,0,-79.97692871,39.63209915,0,39.631883,-79.976638,1,rooftop,691,Fairmont,,,Morgantown,WV,Monongalia County,26501,US,Statewide
119 - Got fare,Thursday,10/24/2019,10/24/2019 9:05,155,15,900,0,164,1, ,0,Preset,0.75,-79.97692871,39.63209915,0,39.631883,-79.976638,1,rooftop,691,Fairmont,,,Morgantown,WV,Monongalia County,26501,US,Statewide
119 - Got fare,Thursday,10/24/2019,10/24/2019 9:05,155,15,900,0,164,1, ,4,Key 4,0,-79.97692871,39.63209915,0,39.631883,-79.976638,1,rooftop,691,Fairmont,,,Morgantown,WV,Monongalia County,26501,US,Statewide
119 - Got fare,Thursday,10/24/2019,10/24/2019 9:05,155,15,900,0,164,1, ,5,Key 5,0,-79.97692871,39.63209915,0,39.631883,-79.976638,1,rooftop,691,Fairmont,,,Morgantown,WV,Monongalia County,26501,US,Statewide
119 - Got fare,Thursday,10/24/2019,10/24/2019 9:05,155,15,900,0,164,1, ,5,Key 5,0,-79.97692871,39.63209915,0,39.631883,-79.976638,1,rooftop,691,Fairmont,,,Morgantown,WV,Monongalia County,26501,US,Statewide
119 - Got fare,Thursday,10/24/2019,10/24/2019 9:05,155,15,900,0,164,1, ,4,Key 4,0,-79.97692871,39.63209915,0,39.631883,-79.976638,1,rooftop,691,Fairmont,,,Morgantown,WV,Monongalia County,26501,US,Statewide
129 - Special card,Thursday,10/24/2019,10/24/2019 9:05,155,15,900,0,164,1, ,0,Not Used,0,-79.97692871,39.63209915,0,39.631883,-79.976638,1,rooftop,691,Fairmont,,,Morgantown,WV,Monongalia County,26501,US,Statewide
138 - GPS latitude/longitude,Thursday,10/24/2019,10/24/2019 9:07,155,15,900,0,164,1, ,0,Not Used,0,-79.96926117,39.63441849,0,39.634549,-79.969203,1,rooftop,186,Holland,,,Morgantown,WV,Monongalia County,26501,US,Statewide
129 - Special card,Thursday,10/24/2019,10/24/2019 9:07,155,15,900,0,164,1, ,0,Not Used,0,-79.96926117,39.63441849,0,39.634549,-79.969203,1,rooftop,186,Holland,,,Morgantown,WV,Monongalia County,26501,US,Statewide
138 - GPS latitude/longitude,Thursday,10/24/2019,10/24/2019 9:32,155,15,900,0,164,1, ,0,Not Used,0,-79.9680481,39.49306107,0,39.492896,-79.967985,1,rooftop,1862,Halleck,,,Morgantown,WV,Monongalia County,26508,US,Statewide
119 - Got fare,Thursday,10/24/2019,10/24/2019 9:32,155,15,900,0,164,1, ,14,Key D,0,-79.9680481,39.49306107,0,39.492896,-79.967985,1,rooftop,1862,Halleck,,,Morgantown,WV,Monongalia County,26508,US,Statewide
138 - GPS latitude/longitude,Thursday,10/24/2019,10/24/2019 9:50,155,15,900,0,164,1, ,0,Not Used,0,-79.95903778,39.57941818,0,39.578734,-79.959303,1,rooftop,75,Retail,,,Morgantown,WV,Monongalia County,26508,US,Statewide
129 - Special card,Thursday,10/24/2019,10/24/2019 9:50,155,15,900,0,164,1, ,0,Not Used,0,-79.95903778,39.57941818,0,39.578734,-79.959303,1,rooftop,75,Retail,,,Morgantown,WV,Monongalia County,26508,US,Statewide
119 - Got fare,Thursday,10/24/2019,10/24/2019 9:50,155,15,900,0,164,1, ,5,Key 5,0,-79.95903778,39.57941818,0,39.578734,-79.959303,1,rooftop,75,Retail,,,Morgantown,WV,Monongalia County,26508,US,Statewide
119 - Got fare,Thursday,10/24/2019,10/24/2019 9:50,155,15,900,0,164,1, ,4,Key 4,0,-79.95903778,39.57941818,0,39.578734,-79.959303,1,rooftop,75,Retail,,,Morgantown,WV,Monongalia County,26508,US,Statewide
138 - GPS latitude/longitude,Thursday,10/24/2019,10/24/2019 9:53,155,15,900,0,164,1, ,0,Not Used,0,-79.95469666,39.58742905,0,39.586629,-79.953131,0.99,rooftop,226,Comfort,,,Morgantown,WV,Monongalia County,26508,US,Statewide
119 - Got fare,Thursday,10/24/2019,10/24/2019 9:53,155,15,900,0,164,1, ,14,Key D,0,-79.95469666,39.58742905,0,39.586629,-79.953131,0.99,rooftop,226,Comfort,,,Morgantown,WV,Monongalia County,26508,US,Statewide
138 - GPS latitude/longitude,Thursday,10/24/2019,10/24/2019 10:09,155,15,900,0,164,1, ,0,Not Used,0,-79.96482849,39.6335907,0,39.63349,-79.964839,1,rooftop,135,Holland,,,Morgantown,WV,Monongalia County,26501,US,Statewide
115 - Period pass,Thursday,10/24/2019,10/24/2019 10:09,155,15,900,0,164,1, ,15,TTP 1,0,-79.96482849,39.6335907,0,39.63349,-79.964839,1,rooftop,135,Holland,,,Morgantown,WV,Monongalia County,26501,US,Statewide
119 - Got fare,Thursday,10/24/2019,10/24/2019 10:09,155,15,900,0,164,1, ,5,Key 5,0,-79.96482849,39.6335907,0,39.63349,-79.964839,1,rooftop,135,Holland,,,Morgantown,WV,Monongalia County,26501,US,Statewide
138 - GPS latitude/longitude,Thursday,10/24/2019,10/24/2019 10:11,155,15,900,0,164,1, ,0,Not Used,0,-79.97712708,39.63222122,0,39.632359,-79.978128,0.99,rooftop,727,Fairmont,,,Morgantown,WV,Monongalia County,26501,US,Statewide
119 - Got fare,Thursday,10/24/2019,10/24/2019 10:11,155,15,900,0,164,1, ,14,Key D,0,-79.97712708,39.63222122,0,39.632359,-79.978128,0.99,rooftop,727,Fairmont,,,Morgantown,WV,Monongalia County,26501,US,Statewide
119 - Got fare,Thursday,10/24/2019,10/24/2019 10:11,155,15,900,0,164,1, ,14,Key D,0,-79.97712708,39.63222122,0,39.632359,-79.978128,0.99,rooftop,727,Fairmont,,,Morgantown,WV,Monongalia County,26501,US,Statewide
106 - Route change,Thursday,10/24/2019,10/24/2019 10:11,155,15,900,0,164,1, ,12,Route,0,-79.97712708,39.63222122,0,39.632359,-79.978128,0.99,rooftop,727,Fairmont,,,Morgantown,WV,Monongalia County,26501,US,Statewide
107 - Run change,Friday,10/25/2019,10/25/2019 9:02,155,15,843,0,164,1, ,900,Run,0,-79.93010712,39.6264801,0,39.626266,-79.929876,1,rooftop,1384,Greenbag,,,Morgantown,WV,Monongalia County,26505,US,Statewide
138 - GPS latitude/longitude,Friday,10/25/2019,10/25/2019 9:18,155,15,900,0,164,1, ,0,Not Used,0,-79.99304962,39.5683403,0,39.568248,-79.992581,1,rooftop,1399,Smithtown,,,Morgantown,WV,Monongalia County,26508,US,Statewide
119 - Got fare,Friday,10/25/2019,10/25/2019 9:18,155,15,900,0,164,1, ,0,Preset,0.75,-79.99304962,39.5683403,0,39.568248,-79.992581,1,rooftop,1399,Smithtown,,,Morgantown,WV,Monongalia County,26508,US,Statewide
116 - Stored value card,Friday,10/25/2019,10/25/2019 9:18,155,15,900,0,164,1, ,0,Preset,0,-79.99304962,39.5683403,0,39.568248,-79.992581,1,rooftop,1399,Smithtown,,,Morgantown,WV,Monongalia County,26508,US,Statewide
138 - GPS latitude/longitude,Friday,10/25/2019,10/25/2019 9:19,155,15,900,0,164,1, ,0,Not Used,0,-79.99311829,39.56808853,0,39.568144,-79.993549,1,rooftop,1398,Smithtown,,,Morgantown,WV,Monongalia County,26508,US,Statewide
119 - Got fare,Friday,10/25/2019,10/25/2019 9:19,155,15,900,0,164,1, ,5,Key 5,0,-79.99311829,39.56808853,0,39.568144,-79.993549,1,rooftop,1398,Smithtown,,,Morgantown,WV,Monongalia County,26508,US,Statewide
138 - GPS latitude/longitude,Friday,10/25/2019,10/25/2019 9:48,155,15,900,0,164,1, ,0,Not Used,0,-79.95910645,39.57947159,0,39.578734,-79.959303,0.99,rooftop,75,Retail,,,Morgantown,WV,Monongalia County,26508,US,Statewide
119 - Got fare,Friday,10/25/2019,10/25/2019 9:48,155,15,900,0,164,1, ,14,Key D,0,-79.95910645,39.57947159,0,39.578734,-79.959303,0.99,rooftop,75,Retail,,,Morgantown,WV,Monongalia County,26508,US,Statewide
106 - Route change,Friday,10/25/2019,10/25/2019 10:01,155,15,900,0,164,1, ,12,Route,0,-79.95910645,39.57947159,0,39.578734,-79.959303,0.99,rooftop,75,Retail,,,Morgantown,WV,Monongalia County,26508,US,Statewide
107 - Run change,Saturday,10/26/2019,10/26/2019 9:25,157,15,824,0,545,1, ,900,Run,0,-79.95893097,39.57936096,0,39.578734,-79.959303,1,rooftop,75,Retail,,,Morgantown,WV,Monongalia County,26508,US,Statewide
116 - Stored value card,Saturday,10/26/2019,10/26/2019 9:30,157,15,900,0,545,1, ,0,Preset,0,-79.95893097,39.57936096,0,39.578734,-79.959303,1,rooftop,75,Retail,,,Morgantown,WV,Monongalia County,26508,US,Statewide
116 - Stored value card,Saturday,10/26/2019,10/26/2019 9:30,157,15,900,0,545,1, ,0,Preset,0,-79.95893097,39.57936096,0,39.578734,-79.959303,1,rooftop,75,Retail,,,Morgantown,WV,Monongalia County,26508,US,Statewide
119 - Got fare,Saturday,10/26/2019,10/26/2019 9:30,157,15,900,0,545,1, ,0,Preset,0.75,-79.95893097,39.57936096,0,39.578734,-79.959303,1,rooftop,75,Retail,,,Morgantown,WV,Monongalia County,26508,US,Statewide
116 - Stored value card,Saturday,10/26/2019,10/26/2019 9:30,157,15,900,0,545,1, ,0,Preset,0,-79.95893097,39.57936096,0,39.578734,-79.959303,1,rooftop,75,Retail,,,Morgantown,WV,Monongalia County,26508,US,Statewide
119 - Got fare,Saturday,10/26/2019,10/26/2019 9:34,157,15,900,0,545,1, ,14,Key D,0,-79.95893097,39.57936096,0,39.578734,-79.959303,1,rooftop,75,Retail,,,Morgantown,WV,Monongalia County,26508,US,Statewide
106 - Route change,Saturday,10/26/2019,10/26/2019 9:56,157,15,900,0,545,1, ,150,Route,0,-79.95893097,39.57936096,0,39.578734,-79.959303,1,rooftop,75,Retail,,,Morgantown,WV,Monongalia County,26508,US,Statewide
107 - Run change,Saturday,10/26/2019,10/26/2019 15:17,157,15,1424,0,545,1, ,1500,Run,0,-79.95893097,39.57936096,0,39.578734,-79.959303,1,rooftop,75,Retail,,,Morgantown,WV,Monongalia County,26508,US,Statewide
106 - Route change,Saturday,10/26/2019,10/26/2019 15:49,157,15,1500,0,545,1, ,150,Route,0,-79.95893097,39.57936096,0,39.578734,-79.959303,1,rooftop,75,Retail,,,Morgantown,WV,Monongalia County,26508,US,Statewide
107 - Run change,Monday,10/28/2019,10/28/2019 9:05,155,15,824,0,404,1, ,900,Run,0,-79.90743256,39.56272888,0,39.562607,-79.907394,1,rooftop,1686,Kingwood,,,Morgantown,WV,Monongalia County,26508,US,Statewide
106 - Route change,Monday,10/28/2019,10/28/2019 10:13,155,15,900,0,404,1, ,12,Route,0,-79.90743256,39.56272888,0,39.562607,-79.907394,1,rooftop,1686,Kingwood,,,Morgantown,WV,Monongalia County,26508,US,Statewide
107 - Run change,Tuesday,10/29/2019,10/29/2019 9:07,155,15,843,0,164,1, ,900,Run,0,-79.9769516,39.6321106,0,39.631883,-79.976638,1,rooftop,691,Fairmont,,,Morgantown,WV,Monongalia County,26501,US,Statewide
138 - GPS latitude/longitude,Tuesday,10/29/2019,10/29/2019 9:07,155,15,900,0,164,1, ,0,Not Used,0,-79.97693634,39.63209152,0,39.631883,-79.976638,1,rooftop,691,Fairmont,,,Morgantown,WV,Monongalia County,26501,US,Statewide
119 - Got fare,Tuesday,10/29/2019,10/29/2019 9:07,155,15,900,0,164,1, ,5,Key 5,0,-79.97693634,39.63209152,0,39.631883,-79.976638,1,rooftop,691,Fairmont,,,Morgantown,WV,Monongalia County,26501,US,Statewide
119 - Got fare,Tuesday,10/29/2019,10/29/2019 9:07,155,15,900,0,164,1, ,0,Preset,0.75,-79.97693634,39.63209152,0,39.631883,-79.976638,1,rooftop,691,Fairmont,,,Morgantown,WV,Monongalia County,26501,US,Statewide
119 - Got fare,Tuesday,10/29/2019,10/29/2019 9:07,155,15,900,0,164,1, ,5,Key 5,0,-79.97693634,39.63209152,0,39.631883,-79.976638,1,rooftop,691,Fairmont,,,Morgantown,WV,Monongalia County,26501,US,Statewide
119 - Got fare,Tuesday,10/29/2019,10/29/2019 9:07,155,15,900,0,164,1, ,4,Key 4,0,-79.97693634,39.63209152,0,39.631883,-79.976638,1,rooftop,691,Fairmont,,,Morgantown,WV,Monongalia County,26501,US,Statewide
129 - Special card,Tuesday,10/29/2019,10/29/2019 9:08,155,15,900,0,164,1, ,0,Not Used,0,-79.97693634,39.63209152,0,39.631883,-79.976638,1,rooftop,691,Fairmont,,,Morgantown,WV,Monongalia County,26501,US,Statewide
138 - GPS latitude/longitude,Tuesday,10/29/2019,10/29/2019 9:36,155,15,900,0,164,1, ,0,Not Used,0,-79.96811676,39.49309158,0,39.492896,-79.967985,1,rooftop,1862,Halleck,,,Morgantown,WV,Monongalia County,26508,US,Statewide
119 - Got fare,Tuesday,10/29/2019,10/29/2019 9:36,155,15,900,0,164,1, ,14,Key D,0,-79.96811676,39.49309158,0,39.492896,-79.967985,1,rooftop,1862,Halleck,,,Morgantown,WV,Monongalia County,26508,US,Statewide
138 - GPS latitude/longitude,Tuesday,10/29/2019,10/29/2019 10:06,155,15,900,0,164,1, ,0,Not Used,0,-79.97711945,39.63220978,0,39.632359,-79.978128,0.99,rooftop,727,Fairmont,,,Morgantown,WV,Monongalia County,26501,US,Statewide
119 - Got fare,Tuesday,10/29/2019,10/29/2019 10:06,155,15,900,0,164,1, ,14,Key D,0,-79.97711945,39.63220978,0,39.632359,-79.978128,0.99,rooftop,727,Fairmont,,,Morgantown,WV,Monongalia County,26501,US,Statewide
119 - Got fare,Tuesday,10/29/2019,10/29/2019 10:06,155,15,900,0,164,1, ,14,Key D,0,-79.97711945,39.63220978,0,39.632359,-79.978128,0.99,rooftop,727,Fairmont,,,Morgantown,WV,Monongalia County,26501,US,Statewide
106 - Route change,Tuesday,10/29/2019,10/29/2019 10:07,155,15,900,0,164,1, ,12,Route,0,-79.97711945,39.63220978,0,39.632359,-79.978128,0.99,rooftop,727,Fairmont,,,Morgantown,WV,Monongalia County,26501,US,Statewide
107 - Run change,Wednesday,10/30/2019,10/30/2019 9:07,155,15,824,0,496,1, ,900,Run,0,-79.95426941,39.62886047,0,39.628765,-79.954623,1,rooftop,276,Walnut,,,Morgantown,WV,Monongalia County,26505,US,Statewide
138 - GPS latitude/longitude,Wednesday,10/30/2019,10/30/2019 9:08,155,15,900,0,496,1, ,0,Not Used,0,-79.97692108,39.63208008,0,39.631883,-79.976638,1,rooftop,691,Fairmont,,,Morgantown,WV,Monongalia County,26501,US,Statewide
119 - Got fare,Wednesday,10/30/2019,10/30/2019 9:08,155,15,900,0,496,1, ,14,Key D,0,-79.97692108,39.63208008,0,39.631883,-79.976638,1,rooftop,691,Fairmont,,,Morgantown,WV,Monongalia County,26501,US,Statewide
129 - Special card,Wednesday,10/30/2019,10/30/2019 9:12,155,15,900,0,496,1, ,0,Not Used,0,-79.97692108,39.63208008,0,39.631883,-79.976638,1,rooftop,691,Fairmont,,,Morgantown,WV,Monongalia County,26501,US,Statewide
138 - GPS latitude/longitude,Wednesday,10/30/2019,10/30/2019 9:42,155,15,900,0,496,1, ,0,Not Used,0,-79.96804047,39.49306107,0,39.492896,-79.967985,1,rooftop,1862,Halleck,,,Morgantown,WV,Monongalia County,26508,US,Statewide
119 - Got fare,Wednesday,10/30/2019,10/30/2019 9:42,155,15,900,0,496,1, ,14,Key D,0,-79.96804047,39.49306107,0,39.492896,-79.967985,1,rooftop,1862,Halleck,,,Morgantown,WV,Monongalia County,26508,US,Statewide
106 - Route change,Wednesday,10/30/2019,10/30/2019 9:48,155,15,900,0,496,1, ,150,Route,0,-79.96804047,39.49306107,0,39.492896,-79.967985,1,rooftop,1862,Halleck,,,Morgantown,WV,Monongalia County,26508,US,Statewide
107 - Run change,Thursday,10/31/2019,10/31/2019 9:06,155,15,843,0,164,1, ,900,Run,0,-79.95810699,39.63019943,0,39.630115,-79.958308,1,rooftop,1233,University,,,Morgantown,WV,Monongalia County,26505,US,Statewide
138 - GPS latitude/longitude,Thursday,10/31/2019,10/31/2019 9:09,155,15,900,0,164,1, ,0,Not Used,0,-79.97692108,39.63206863,0,39.631883,-79.976638,1,rooftop,691,Fairmont,,,Morgantown,WV,Monongalia County,26501,US,Statewide
129 - Special card,Thursday,10/31/2019,10/31/2019 9:09,155,15,900,0,164,1, ,0,Not Used,0,-79.97692108,39.63206863,0,39.631883,-79.976638,1,rooftop,691,Fairmont,,,Morgantown,WV,Monongalia County,26501,US,Statewide
119 - Got fare,Thursday,10/31/2019,10/31/2019 9:10,155,15,900,0,164,1, ,5,Key 5,0,-79.97692108,39.63206863,0,39.631883,-79.976638,1,rooftop,691,Fairmont,,,Morgantown,WV,Monongalia County,26501,US,Statewide
119 - Got fare,Thursday,10/31/2019,10/31/2019 9:10,155,15,900,0,164,1, ,4,Key 4,0,-79.97692108,39.63206863,0,39.631883,-79.976638,1,rooftop,691,Fairmont,,,Morgantown,WV,Monongalia County,26501,US,Statewide
138 - GPS latitude/longitude,Thursday,10/31/2019,10/31/2019 9:37,155,15,900,0,164,1, ,0,Not Used,0,-79.9681015,39.49309158,0,39.492896,-79.967985,1,rooftop,1862,Halleck,,,Morgantown,WV,Monongalia County,26508,US,Statewide
119 - Got fare,Thursday,10/31/2019,10/31/2019 9:37,155,15,900,0,164,1, ,14,Key D,0,-79.9681015,39.49309158,0,39.492896,-79.967985,1,rooftop,1862,Halleck,,,Morgantown,WV,Monongalia County,26508,US,Statewide
106 - Route change,Thursday,10/31/2019,10/31/2019 9:54,183,15,1000,0,265,1, ,50,Route,0,-79.95571899,39.62966156,0,39.629728,-79.955622,1,rooftop,201,Walnut,,,Morgantown,WV,Monongalia County,26505,US,Statewide
106 - Route change,Thursday,10/31/2019,10/31/2019 10:07,155,15,900,0,164,1, ,12,Route,0,-79.9681015,39.49309158,0,39.492896,-79.967985,1,rooftop,1862,Halleck,,,Morgantown,WV,Monongalia County,26508,US,Statewide
